rawName,type,offsetStart,offsetEnd,nerd_selection_score,wikipediaExternalRef,wikidataId
Léo Hamon,,15,24,0.9955,170238,Q3270480
Leo Hamon,PERSON,44,53,0,,
Paris,,74,79,0.5627,681159,Q90
Léo Hamon,,122,131,0.9955,170238,Q3270480
Leo Hamon72,PERSON,216,227,0,,
Léo Hamon,PERSON,247,256,0.9984,170238,Q3270480
Hervé,PERSON,516,521,0,,
Verdier,BUSINESS,555,562,0,,
marxisme,,624,632,0.7624,45519,Q7264
christianisme,,672,685,0.7077,2991917,Q5043
Crozet,BUSINESS,800,806,0,,
l'homme nouveau,,808,823,0.5519,787105,Q3203718
l'homme nouveau,,854,869,0.5519,787105,Q3203718
Hervé Verdier,PERSON,921,934,0,,
marxiste,,1013,1021,0.6624,45519,Q7264
l'homme nouveau,,1109,1124,0.5519,787105,Q3203718
Gabriel,PERSON,1347,1354,0,,
péché,,1365,1370,0.3552,30429,Q60227
socialisme,,1412,1422,0.6243,7136,Q7272
Georges Sand,PERSON,1626,1638,0.9381,55551,Q3816
Jacques Crouzet,PERSON,1963,1978,0,,
collectivisme,,2119,2132,0.4442,118607,Q237789
Verdier,BUSINESS,2214,2221,0,,
diluviens,,2457,2466,0.4016,32172,Q134052
LUNDI MATIN,,2801,2812,0.8923,1971974,Q3202856
Martel,LOCATION,3189,3195,0,,
Pisani Revu Edouard,PERSON,3424,3443,0,,
commerce extérieur,,3520,3538,0.6062,248019,Q178803
André Hesne,PERSON,4236,4247,0,,
russe,,4304,4309,0.4353,2549,Q159
Loutsk,LOCATION,4347,4353,0.8733,369895,Q7550
Loutsk,LOCATION,4374,4380,0.8733,369895,Q7550
Berlin,BUSINESS,4384,4390,0.8349,7221,Q64
Kief,BUSINESS,4402,4406,0,,
Loutsk,LOCATION,4410,4416,0.8733,369895,Q7550
allemande,,4451,4460,0.5225,1590005,Q183
hitlérisme,,4519,4529,0.6432,1530239,Q7310
espèce,,4540,4546,0.7688,1072,Q7432
union sacrée,,4549,4561,0.9394,224970,Q1431580
Russe,LOCATION,4592,4597,0,,
Comité de l'Allemagne,ORGANISATION,4659,4680,0,,
Marion,PERSON,4764,4770,0,,
juifs,,4823,4828,0.6281,2350680,Q7325
URSS,LOCATION,4892,4896,0.8194,3111,Q15180
URSS,LOCATION,4946,4950,0.8113,3111,Q15180
Baléares,,5140,5148,0.6502,43308,Q5765
Espagne,LOCATION,5218,5225,0.8113,4906662,Q29
Hesse,,5237,5242,0.6354,12575,Q1199
Pyrénées,,5265,5273,0.6559,2456,Q12431
Espagne,LOCATION,5324,5331,0.8113,4906662,Q29
tête de pont,,5418,5430,0.6036,979352,Q996524
Georges Picot,PERSON,5515,5528,0.9983,1417201,Q1313582
Georges,PERSON,6081,6088,0,,
communisme,,6669,6679,0.6194,5349064,Q6186
prolétariat,,6890,6901,0.57,105244,Q132603
conscience de classe,,6933,6953,0.9468,870987,Q1066261
l'homme nouveau,,7062,7077,0.8766,787105,Q3203718
Toulouse,LOCATION,7715,7723,0.7841,2996,Q7880
Georges,PERSON,8316,8323,0,,
Tristan,PERSON,8354,8361,0,,
moralisme,,8501,8510,0.4894,7145,Q48324
J.H Simon,PERSON,8558,8567,0,,
OCM,ORGANISATION,8569,8572,0.7778,958564,Q3355964
Sermois,BUSINESS,8626,8633,0,,
Georges Sand,PERSON,9800,9812,0.9381,55551,Q3816
France,LOCATION,10031,10037,0.7395,1095,Q142
Mer,BUSINESS,10676,10679,0,,
Londres,LOCATION,10684,10691,0.8431,4924,Q84
Alger,LOCATION,10713,10718,0.8408,107,Q3561
christo,,10801,10808,0.4644,147955,Q158477
Londres,LOCATION,10823,10830,0.8431,4924,Q84
Alger,,10862,10867,0.7216,107,Q3561
Londres,LOCATION,10887,10894,0.8431,4924,Q84
Albert Bayet,PERSON,10896,10908,0.9961,3341097,Q2830943
Dumont,BUSINESS,10952,10958,0,,
Défense de la France,ORGANISATION,10962,10982,0.9945,1020642,Q949286
D.F,BUSINESS,11000,11003,0,,
ci-devant,,11358,11367,0.6433,143024,Q2883653
Dumont,BUSINESS,11496,11502,0,,
champ de bataille,,12246,12263,0.3533,2675517,Q718893
champ de courses,,12317,12334,0.5814,237306,Q11822917
Dumont,BUSINESS,12427,12433,0,,
billets de banque,,12702,12719,0.9436,146308,Q47433
français,,13061,13069,0.647,1095,Q142
billet de banque,,13374,13390,0.9937,146308,Q47433
Allemagne,LOCATION,13908,13917,0.7793,1590005,Q183
Dumont,BUSINESS,14056,14062,0,,
Dumont,BUSINESS,14350,14356,0,,
système monétaire,,14531,14548,0.5944,996892,Q1773266
question sociale,,14846,14862,0.6058,5161023,Q615133
imagine,,14913,14920,0.364,4020115,Q1971
moyens de paiement,,14952,14970,0.6008,87452,Q1148747
réformes de structure,,15034,15055,0.3658,2502636,Q3454788
moyens de paiement,,15081,15099,0.6008,87452,Q1148747
Dumont,BUSINESS,15357,15363,0,,
réformes de structure,,15494,15515,0.3658,2502636,Q3454788
Michel-Impressions,PERSON,16005,16025,0,,
Michel,PERSON,16440,16446,0,,
Michel,PERSON,16887,16893,0,,
prolétaire,,16978,16988,0.6269,105244,Q132603
Christofle,,17507,17517,0.6586,3826119,Q877056
Mer,BUSINESS,17533,17536,0,,
Français,,17579,17587,0.6535,1095,Q142
Français,,17600,17608,0.6535,1095,Q142
Charles,PERSON,17622,17629,0,,
Christofle,,17853,17863,0.6586,3826119,Q877056
fascistes,,18128,18137,0.5175,1135,Q6223
transformation sociale,,18255,18277,0.3805,195566,Q116348
Libération,LOCATION,18320,18330,0,,
réformes de structure,,18571,18592,0.3658,2502636,Q3454788
Mai dernier,PERSON,18826,18837,0,,
Elisabeth,BUSINESS,19041,19050,0,,
petit bourgeois,,19159,19174,0.5232,605043,Q75617
Paul-Louis,PERSON,19303,19313,0.4086,4207931,Q3370321
grand parti,,19381,19392,0.3975,2497304,Q2421530
Delsol-A Grand,BUSINESS,20078,20094,0,,
Elis,BUSINESS,20482,20486,0,,
Elisab,BUSINESS,21050,21056,0,,
parti de la résistance,,21880,21902,0.52,245013,Q3366943
classes moyennes,,21986,22002,0.619,605057,Q241588
classe ouvrière,,22179,22194,0.9384,36070,Q191159
classes moyennes,,22270,22286,0.619,605057,Q241588
parti politique,,22516,22531,0.9318,39296,Q7278
Vogüé,BUSINESS,22605,22610,0.3683,323512,Q391128
CDLR,ORGANISATION,22612,22616,0.7261,957072,Q2947157
Madelin,PERSON,22645,22652,0,,
Madelin,PERSON,22971,22978,0,,
Anglais,,23018,23025,0.4857,5539,Q1860
américaine,,23026,23036,0.6739,1377936,Q30
Algérie,LOCATION,23123,23130,0.7695,2442293,Q262
Espagne,LOCATION,23165,23172,0.8113,4906662,Q29
France,LOCATION,23404,23410,0.7527,1095,Q142
MLN,,23454,23457,0.3749,509317,Q3326591
N soi,PERSON,23496,23501,0,,
L.M.N la Zone Nord,ARTIFACT,23814,23832,0,,
Zone Sud,,23897,23905,0.5975,58392,Q3575913
impérialisme,,23908,23920,0.6301,56773,Q7260
anti-communisme,,24025,24040,0.9285,387403,Q182121
impérialisme,,24296,24308,0.6301,56773,Q7260
Anti-Co,LOCATION,24339,24346,0,,
Robert de Vogüé,PERSON,24471,24486,0.3997,544001,Q3066069
Christian,PERSON,24762,24771,0,,
Tristan,PERSON,25037,25044,0,,
Tristan,PERSON,25193,25200,0,,
Membre FN,ORGANISATION,25498,25507,0,,
capitalisme,,26062,26073,0.6478,8313,Q6206
fascisme,,26284,26292,0.7277,1135,Q6223
capitalisme,,26555,26566,0.6478,8313,Q6206
capitalisme,,26807,26818,0.663,8313,Q6206
régime capitaliste,,27048,27066,0.5273,8313,Q6206
Allemagne,LOCATION,27153,27162,0.7793,1590005,Q183
garçonne,,27419,27427,0.3735,2372241,Q1483126
tiers parti,,27765,27776,0.3673,2845927,Q3528251
Finlande,LOCATION,27792,27800,0.8123,1094,Q33
Finlande,LOCATION,27955,27963,0.8123,1094,Q33
Finlandais,,27969,27979,0.7131,1094,Q33
finlandaise,,28279,28290,0.6409,1094,Q33
LE LENDEMAIN,ORGANISATION,28339,28351,0,,
Raspail,BUSINESS,28606,28613,0,,
CROUZET,BUSINESS,28939,28946,0,,
indulgent,,29171,29180,0.3545,278869,Q1092496
Italie,LOCATION,29908,29914,0.8043,1492,Q38
anglais,,29949,29956,0.5133,5539,Q1860
Nettuno,LOCATION,29991,29998,0.8273,862783,Q243116
allemand,,30303,30311,0.4442,1590005,Q183
Italie,LOCATION,30343,30349,0.8038,1492,Q38
Adriatique,,30399,30409,0.702,53192,Q13924
Etats Unis,,30463,30473,0.9909,1377936,Q30
illusionnisme,,30566,30579,0.7217,40317,Q148442
tempéré,,30580,30587,0.6396,56411,Q167466
Japon,LOCATION,30634,30639,0.8259,1593,Q17
Robin,BUSINESS,30707,30712,0,,
Hongrie,LOCATION,31081,31088,0.7546,1367,Q28
Roumanie,LOCATION,31090,31098,0.8045,4939,Q218
catholique,,31647,31657,0.6006,571,Q1841
Russie,LOCATION,31823,31829,0.7536,2549,Q159
Berlin,LOCATION,32097,32103,0.8403,7221,Q64
Jean Fournier,PERSON,32223,32236,0,,
Grégoire,BUSINESS,32717,32725,0,,
gaullistes,,32999,33009,0.5818,50270,Q770215
propagande,,33309,33319,0.3571,55647,Q7281
Darland,BUSINESS,33320,33327,0,,
Grégoire,LOCATION,33448,33456,0,,
Thimerais,,34779,34788,0.6869,1152581,Q3526183
interventionniste,,34918,34935,0.5342,135972,Q597339
nationalisation,,34957,34972,0.5927,5118,Q178564
expérience sociale,,35162,35180,0.4706,7494981,Q1388421
satin,,35859,35864,0.5337,394519,Q14298
Dieu merci,,35867,35877,0.5148,1998709,Q21008385
français,,36292,36300,0.647,1095,Q142
matière première,,36372,36388,0.5702,90195,Q192355
symbolisme,,36599,36609,0.4504,20497,Q164800
catholicisme,,37039,37051,0.701,571,Q1841
catholicisme,,37161,37173,0.701,571,Q1841
Espagne,LOCATION,37184,37191,0.8113,4906662,Q29
fétichisme,,37999,38009,0.4305,212062,Q182116
fol,,38675,38678,0.4858,360981,Q3240442
catholique,,38888,38898,0.6114,571,Q1841
Tristan,PERSON,39089,39096,0,,
Jules Moch,PERSON,39616,39626,0.998,110349,Q2564543
Finlande,LOCATION,39884,39892,0.8083,1094,Q33
Stockholm,LOCATION,39936,39945,0.8812,15791,Q1754
Allemagne,LOCATION,39966,39975,0.7793,1590005,Q183
russe,,40109,40114,0.4608,2549,Q159
allemand,,40118,40126,0.4442,1590005,Q183
communisme,,40456,40466,0.6194,5349064,Q6186
H Simon Février,PERSON,40655,40670,0,,
Charles,PERSON,41250,41257,0,,
Sermoy,PERSON,41352,41358,0,,
Clément,PERSON,41690,41697,0,,
L-A noter,PERSON,42769,42779,0,,
zone Sud,,43001,43009,0.5511,58392,Q3575913
espère,,43082,43088,0.5662,474089,Q1321617
zone Nord,,43103,43112,0.3913,58390,Q3575937
Gringoire,,43662,43671,0.6973,780661,Q3116761
Valat,BUSINESS,43750,43755,0,,
Italie,LOCATION,43887,43893,0.8038,1492,Q38
France,LOCATION,43913,43919,0.7527,1095,Q142
France,LOCATION,44056,44062,0.7527,1095,Q142
Laval,,44067,44072,0.4209,10423,Q184154
France,LOCATION,44132,44138,0.7527,1095,Q142
France,LOCATION,44353,44359,0.7527,1095,Q142
communisme,,44380,44390,0.6194,5349064,Q6186
français,,44510,44518,0.647,1095,Q142
Valat,BUSINESS,44571,44576,0,,
communisme,,44937,44947,0.6194,5349064,Q6186
Mars,BUSINESS,45123,45127,0,,
grand esprit,,45567,45579,0.721,346,Q43004
fronde,,45584,45590,0.383,193233,Q199771
grand siècle,,45613,45625,0.856,2977316,Q1434013
Alger,,45803,45808,0.7311,107,Q3561
France gaulliste,ORGANISATION,45839,45855,0.4979,50270,Q770215
Angleterre,LOCATION,45862,45872,0.7745,4925,Q21
Russie,LOCATION,45907,45913,0.7536,2549,Q159
Téhéran,LOCATION,45933,45940,0.8765,75061,Q3616
gaulliste,,45955,45964,0.6031,50270,Q770215
Angleterre,LOCATION,45990,46000,0.7745,4925,Q21
Mendès France,PERSON,46001,46014,0.6005,2459,Q314265
capitalisme,,46171,46182,0.663,8313,Q6206
socialisme,,46377,46387,0.6321,7136,Q7272
outre-Mer,,46401,46410,0.483,61160,Q203396
France,LOCATION,46523,46529,0.7527,1095,Q142
PC,ORGANISATION,46545,46547,0.7718,5946,Q751046
capitalisme,,46663,46674,0.663,8313,Q6206
de Gaulle,PERSON,46804,46813,0.6493,1019357,Q2042
capitalisme,,46839,46850,0.663,8313,Q6206
gauche du Gaullisme,,46946,46965,0.9282,1737255,Q3099431
Pisani SAMEDI,PERSON,46987,47000,0,,
Edouard J. Piette,PERSON,47051,47068,0,,
Berard,PERSON,47103,47109,0,,
Bérard,PERSON,47346,47352,0,,
inflation,,47401,47410,0.6565,15763,Q35865
inflation,,47522,47531,0.6565,15763,Q35865
inflation,,47738,47747,0.6565,15763,Q35865
française,,48412,48421,0.5583,1095,Q142
RASPAIL,BUSINESS,48517,48524,0,,
anti-communiste,,48588,48603,0.9274,387403,Q182121
Alger,LOCATION,48710,48715,0.8432,107,Q3561
Alger,LOCATION,48898,48903,0.8432,107,Q3561
STO,BUSINESS,49890,49893,0.7977,5108,Q525212
ministère du travail,,49897,49917,0.615,1917905,Q1408517
Jacques,PERSON,50139,50146,0,,
MARCEL,BUSINESS,51116,51122,0,,
FEMME,ORGANISATION,51137,51142,0,,
Michel,PERSON,51143,51149,0,,
émancipation de la femme,,51201,51225,0.9195,1164824,Q223569
marxiste,,51253,51261,0.6443,45519,Q7264
Michelqui,PERSON,51424,51433,0,,
crèches,,51662,51669,0.408,624134,Q364005
grossesse,,51751,51760,0.5803,104366,Q11995
allaitement,,51777,51788,0.635,67629,Q174876
collectivisme,,52425,52438,0.4442,118607,Q237789
socialisme,,52574,52584,0.6321,7136,Q7272
humanisme,,52831,52840,0.6327,1282781,Q46158
prêtre,,53046,53052,0.6195,25470,Q250867
libre examen,,53151,53163,0.4608,4759100,Q1852208
enseignement supérieur,,53494,53516,0.6438,576589,Q136822
Delsol,BUSINESS,53603,53609,0,,
éducation nouvelle,,53676,53694,0.9845,81112,Q834933
socialisme,,53785,53795,0.6321,7136,Q7272
éducation nouvelle,,54007,54025,0.9845,81112,Q834933
anarchie,,54259,54267,0.5903,270,Q31895
éducation nouvelle,,54370,54388,0.9845,81112,Q834933
Hervé Verdier,PERSON,54695,54708,0,,
Michel,PERSON,55136,55142,0,,
métaphysicien,,55274,55287,0.5769,1149807,Q35277
théologien,,55302,55312,0.6503,4626950,Q34178
gaullistes,,55509,55519,0.5818,50270,Q770215
Français,,55546,55554,0.6535,1095,Q142
Rome,LOCATION,55646,55650,0.7754,3324146,Q220
Varsovie,LOCATION,55712,55720,0.8778,3161,Q270
année nouvelle,,55855,55869,0.49,47765,Q34812
condamnés à mort,,55952,55968,0.4714,2381,Q8454
peine capitale,,56043,56057,0.9312,2381,Q8454
Fresnes,LOCATION,56219,56226,0,,
Fresnes,LOCATION,56387,56394,0,,
anti-chrétienne,,56990,57005,0.4663,2000367,Q564862
anti-chrétienne,,57046,57061,0.4663,2000367,Q564862
christianisme,,57146,57159,0.7077,2991917,Q5043
christianisme,,57227,57240,0.7077,2991917,Q5043
Dieu,PERSON,57593,57597,0.3664,7041965,Q190
Algérie,LOCATION,58658,58665,0.7695,2442293,Q262
chez Yvonne,,58878,58889,0.9246,7882708,Q16539065
imagine,,59146,59153,0.364,4020115,Q1971
Bonnes nouvelles,,59264,59280,0.4054,6873373,Q15974595
front sud,,59284,59293,0.3833,5448139,Q1634413
russe,,59294,59299,0.4608,2549,Q159
Mai-Juin,PERSON,59541,59549,0,,
Raspail,BUSINESS,59639,59646,0,,
N.L.,PERSON,59767,59771,0,,
zone Nord,,59815,59824,0.3913,58390,Q3575937
zone Sud,,59866,59874,0.5511,58392,Q3575913
zone Nord,,59879,59888,0.3913,58390,Q3575937
Madelin,PERSON,59907,59914,0,,
Benoit,BUSINESS,60362,60368,0,,
Pierrelot,BUSINESS,60508,60517,0,,
Yves,PERSON,60836,60840,0,,
Brulé-Edouard,BUSINESS,61057,61070,0,,
Bérard,PERSON,61161,61167,0,,
syndicaliste,,61506,61518,0.5663,5612,Q49780
Edouard,PERSON,61553,61560,0,,
Edouard,PERSON,61655,61662,0,,
Directeur des Services de conjoncture,ORGANISATION,61751,61788,0,,
grands magasins,,62637,62652,0.9414,128943,Q216107
pouvoir d'achat,,62723,62738,0.942,446130,Q271969
cher,,62905,62909,0.4733,548,Q3286
prolétariat,,63248,63259,0.57,105244,Q132603
anti-capitalistes,,63307,63324,0.9201,106734,Q389647
Edouard,PERSON,63325,63332,0,,
communisme,,63899,63909,0.6194,5349064,Q6186
régime capitaliste,,63965,63983,0.5142,8313,Q6206
syndicaliste,,64126,64138,0.5708,5612,Q49780
syndicaliste,,64162,64174,0.5708,5612,Q49780
syndicaliste,,64195,64207,0.5708,5612,Q49780
Martel,PERSON,64568,64574,0,,
Lyon,LOCATION,64956,64960,0.8018,802627,Q456
André,BUSINESS,64992,64997,0,,
marché noir,,65342,65353,0.9683,257973,Q50851
Paul André,PERSON,65532,65542,0.5836,947501,Q3370473
anti-communisme,,65581,65596,0.9285,387403,Q182121
Philippe,PERSON,65631,65639,0,,
anti-communisme,,65766,65781,0.9285,387403,Q182121
anti-communiste,,66067,66082,0.9274,387403,Q182121
Pia J. Bernard Diné,PERSON,66170,66189,0,,
Pontaut,BUSINESS,66204,66211,0.379,1264218,Q1587344
Auger-Nous,BUSINESS,66215,66227,0,,
Villion contre Fresney,BUSINESS,66378,66400,0,,
Mars,BUSINESS,66889,66893,0,,
Micheline,PERSON,66928,66937,0,,
snobisme,,67203,67211,0.55,2693637,Q728497
D.F.,PERSON,67433,67437,0.3932,1362179,Q1489
régime constitutionnel,,67511,67533,0.4663,36815,Q41614
l’opinion,,67933,67942,0.3615,7127753,Q14940658
Giraud,BUSINESS,67966,67972,0,,
haute trahison,,68356,68370,0.9587,645404,Q329821
Europe,LOCATION,68385,68391,0.7532,1009,Q46
Vichy,LOCATION,68445,68450,0.4988,15794,Q93351
Washington,LOCATION,68457,68467,0.4975,14361,Q61
double jeu,,68701,68711,0.5168,2721884,Q1251475
extrême-gauche,,68757,68771,0.5468,45056,Q1129409
scepticisme,,68799,68810,0.3955,52377,Q1395219
Yves,PERSON,68829,68833,0,,
Alger,,68866,68871,0.7311,107,Q3561
Laporte,BUSINESS,69130,69137,0,,
protestants,,69182,69193,0.621,2435,Q23540
protestants,,69251,69262,0.621,2435,Q23540
théologie,,69506,69515,0.6786,4626950,Q34178
modernisme,,69520,69530,0.4247,3601835,Q878985
libéralisme,,69537,69548,0.6354,14896,Q6216
Paris,LOCATION,69742,69747,0.7837,681159,Q90
Hachette,BUSINESS,69982,69990,0.4871,74663,Q349566
Dumont,BUSINESS,70388,70394,0,,
parti socialiste,,70635,70651,0.867,3012989,Q170972
Churchill,PERSON,70902,70911,0.3756,15797,Q8016
russe,,71235,71240,0.4608,2549,Q159
après guerre,,71287,71299,0.3672,531776,Q1201472
Etats-Unis,LOCATION,71304,71314,0.9605,1377936,Q30
Grande-Bretagne,LOCATION,71321,71336,0.9828,1312,Q23666
capitalisme,,71580,71591,0.6478,8313,Q6206
assurance sociale,,71636,71653,0.4477,1067005,Q7653906
plan Beveridge,,71657,71671,0.986,9922126,Q2583737
Crozet,BUSINESS,71755,71761,0,,
Jésuitière-Il cite,LOCATION,71767,71787,0,,
catholique,,72254,72264,0.6114,571,Q1841
breton,,72322,72328,0.616,493,Q12107
Hervé Verdier,PERSON,72616,72629,0,,
imagine,,72757,72764,0.364,4020115,Q1971
nouveau parti socialiste,,72782,72806,0.496,3012989,Q170972
Delsol,BUSINESS,73780,73786,0,,
Col,BUSINESS,74345,74348,0,,
propagande,,74759,74769,0.3571,55647,Q7281
Philippe Henriot,PERSON,74773,74789,0.9992,64310,Q527116
classe ouvrière,,75023,75038,0.9384,36070,Q191159
terrorisme,,75088,75098,0.6328,21284,Q7283
dépression,,75212,75222,0.413,90803,Q42844
anti-communisme,,75617,75632,0.9285,387403,Q182121
Henriot,PERSON,75655,75662,0,,
Pettiaux,PERSON,75687,75695,0,,
serpent de mer,,75790,75804,0.9498,3487962,Q379173
Russie,LOCATION,75975,75981,0.7536,2549,Q159
Ohxolus,PERSON,76034,76041,0,,
Bessarabie,LOCATION,76053,76063,0.9013,1294018,Q174994
débarquement en France,,76155,76177,0.5123,557878,Q16470
Mai-Juin,PERSON,76181,76189,0,,
France,LOCATION,76362,76368,0.7527,1095,Q142
russe,,76405,76410,0.4608,2549,Q159
américaine,,76420,76430,0.6739,1377936,Q30
Balkans,,76440,76447,0.7571,27396,Q23522
Vienne,LOCATION,76540,76546,0.6066,15839,Q1741
Athènes,LOCATION,76600,76607,0.8558,1186969,Q1524
anglo-saxons,,76724,76736,0.5287,49598,Q32768
anglo-saxons,,76797,76809,0.5287,49598,Q32768
Durope Cccidentale,ORGANISATION,77018,77036,0,,
Eriand,BUSINESS,77089,77095,0,,
France,LOCATION,77119,77125,0.7527,1095,Q142
Suède,LOCATION,77240,77245,0.7593,4094483,Q34
MAEDI,,77423,77428,0.7231,644019,Q789848
Nouveaux Nemps,PERSON,77490,77504,0,,
genre,,77548,77553,0.701,29592,Q34740
fanatisme,,78099,78108,0.4558,137091,Q489750
MERREDI El-Revu Tristan,PERSON,78216,78241,0,,
breton,,78370,78376,0.6231,493,Q12107
Rome,LOCATION,78589,78593,0.7754,3324146,Q220
Eglise officielle,,79153,79170,0.9861,104600,Q6423963
pasteur,,79352,79359,0.5877,2449,Q152002
vie religieuse,,79394,79408,0.5959,1290446,Q167847
français,,79454,79462,0.647,1095,Q142
Allemagne,LOCATION,79466,79475,0.7793,1590005,Q183
protestants,,79504,79515,0.63,2435,Q23540
vie religieuse,,79778,79792,0.5959,1290446,Q167847
France,LOCATION,79859,79865,0.7527,1095,Q142
russe,,79898,79903,0.4608,2549,Q159
américain,,79921,79930,0.6921,1377936,Q30
Russie,LOCATION,80012,80018,0.7536,2549,Q159
débâcle allemande,,80095,80112,0.5252,1097842,Q852365
Churchill,PERSON,80150,80159,0.3756,15797,Q8016
DAMEE,ORGANISATION,80294,80299,0,,
pasteur,,80338,80345,0.596,2449,Q152002
vie religieuse,,80353,80367,0.5959,1290446,Q167847
aumônier,,80690,80698,0.6034,1146171,Q1657500
aumônier,,80752,80760,0.6034,1146171,Q1657500
concubinage,,81245,81256,0.6195,1533226,Q188790
christianisme,,81577,81590,0.7077,2991917,Q5043
français,,81734,81742,0.647,1095,Q142
catholique,,81889,81899,0.6114,571,Q1841
catholique,,81937,81947,0.6114,571,Q1841
l’effort,,82572,82580,0.4975,7018107,Q16650968
socialisme,,82983,82993,0.6243,7136,Q7272
communisme,,83139,83149,0.6194,5349064,Q6186
nazisme,,83156,83163,0.7581,1530239,Q7310
Darland,BUSINESS,83711,83718,0,,
maquis,,83730,83736,0.4106,12676,Q701165
R.L. de son fils,PERSON,83785,83801,0,,
maquis,,83830,83836,0.4106,12676,Q701165
Piette JEUDI Dîné,PERSON,84334,84351,0,,
Robert,BUSINESS,84357,84363,0,,
Robert,LOCATION,84376,84382,0,,
Waffen SS,ORGANISATION,84442,84451,0.9584,83802,Q153626
Nîmes,LOCATION,84504,84509,0.8115,2201,Q42807
Marseillaise,BUSINESS,84624,84636,0.3651,2129517,Q41180
brûlés vifs,,84666,84677,0.3778,362853,Q468455
Maison de Savoie,,84686,84702,0.9909,34470,Q200229
Russie,LOCATION,84842,84848,0.7536,2549,Q159
propagande,,84942,84952,0.3571,55647,Q7281
Jean Fournier,PERSON,84953,84966,0,,
diapason,,85032,85040,0.3573,31772,Q201898
France,LOCATION,85119,85125,0.7527,1095,Q142
Goebbels,,85139,85147,0.6551,46244,Q41749
Schumann,PERSON,85233,85241,0.759,56352,Q7351
espèce,,85720,85726,0.7688,1072,Q7432
psychose,,85832,85840,0.768,5258515,Q170082
Hitler,PERSON,85885,85891,0.7979,1696582,Q352
communisant,,86603,86614,0.42,5349064,Q6186
Versailles,LOCATION,87060,87070,0.7715,15750,Q621
littérature clandestine,,87167,87190,0.4952,1074548,Q2403352
Baumel Vu ROSSINI,PERSON,87497,87514,0,,
L.N,PERSON,87645,87648,0,,
Rossini,,87792,87799,0.6648,107250,Q9726
N.,PERSON,87984,87986,0,,
C.D.L.R.,PERSON,88047,88055,0,,
allemande,,88305,88314,0.5225,1590005,Q183
France,LOCATION,88341,88347,0.7527,1095,Q142
bonne part,,88354,88364,0.869,5994321,Q3079396
usines de guerre,,88369,88385,0.4826,380708,Q392933
Rhin,,88417,88421,0.6152,5613,Q584
romantisme,,88592,88602,0.6127,6122,Q37068
France,LOCATION,89042,89048,0.7527,1095,Q142
Allemagne,LOCATION,89055,89064,0.7793,1590005,Q183
France,,89099,89105,0.5871,1095,Q142
bolchevisme,,89116,89127,0.6351,63790,Q83372
Allemagne,LOCATION,89175,89184,0.7793,1590005,Q183
nazi,,89347,89351,0.6313,1530239,Q7310
Tristan,PERSON,89410,89417,0,,
Crouzet-Ils,BUSINESS,89421,89434,0,,
Comité financier,ORGANISATION,89565,89581,0,,
Tristan,PERSON,89763,89770,0,,
Crouzet,BUSINESS,89905,89912,0,,
Tristan,PERSON,90454,90461,0,,
Emmanuel,PERSON,90495,90503,0,,
Freynet,BUSINESS,90507,90514,0,,
parti fasciste,,90563,90577,0.5884,46692,Q139596
France,,90581,90587,0.5871,1095,Q142
suffrage universel,,90729,90747,0.9462,43539,Q319891
Diné Grégoire-Jean,PERSON,91231,91249,0,,
Jean,PERSON,91356,91360,0,,
vie religieuse,,91542,91556,0.5959,1290446,Q167847
latin,,91764,91769,0.6335,5068,Q397
latin,,91873,91878,0.6335,5068,Q397
libre-pensée,,92022,92034,0.9754,2418755,Q210115
anti-clérical,,92069,92082,0.9164,179883,Q478004
l’évènement,,92302,92313,0.7566,4346764,Q3205653
pape,,92636,92640,0.645,5070,Q19546
Staline,BUSINESS,92647,92654,0.8631,32476,Q855
Paris,LOCATION,92657,92662,0.7837,681159,Q90
catholique,,92828,92838,0.6114,571,Q1841
nazisme,,93268,93275,0.7581,1530239,Q7310
France,LOCATION,93297,93303,0.7527,1095,Q142
Déat,BUSINESS,93309,93313,0,,
Italie,LOCATION,93318,93324,0.8038,1492,Q38
Mussolini,BUSINESS,93330,93339,0.8409,27757,Q23559
démagogie,,93347,93356,0.5448,134675,Q179442
néo-socialiste,,93357,93371,0.9714,1152478,Q3347095
nazisme,,93399,93406,0.7581,1530239,Q7310
fascistes,,93551,93560,0.513,1135,Q6223
nazisme,,93685,93692,0.7581,1530239,Q7310
période révolutionnaire,,93764,93787,0.5985,6742,Q6534
faire face,,94116,94126,0.475,531117,Q3064537
France,LOCATION,94780,94786,0.7527,1095,Q142
Montmartre,,94878,94888,0.6497,24951,Q186115
Ile-de-France,LOCATION,95053,95066,0.6597,1498,Q13917
Henriot,PERSON,95098,95105,0,,
rafle,,96067,96072,0.3955,207372,
Allemagne,LOCATION,96090,96099,0.7793,1590005,Q183
Vallerimont,BUSINESS,96128,96139,0,,
Marc Laurent Touraille,PERSON,96211,96233,0,,
Allemagne,LOCATION,96319,96328,0.7793,1590005,Q183
homme d'affaires,,96461,96477,0.928,553440,Q43845
Pisani Bayet,PERSON,96530,96542,0,,
Edouard,PERSON,96581,96588,0,,
Dumont,BUSINESS,96592,96598,0,,
majorité électorale,,96919,96938,0.5197,402505,Q185387
corps électoral,,97025,97040,0.5414,979002,Q5290079
vote des femmes,,97074,97089,0.5954,254034,Q205204
Dumont,BUSINESS,97370,97376,0,,
anglo-saxons,,97464,97476,0.5287,49598,Q32768
Dumont,BUSINESS,97638,97644,0,,
droit pénal,,97966,97977,0.9705,39424,Q146491
Florian,BUSINESS,98039,98046,0,,
Fournier,BUSINESS,98050,98058,0,,
stalinien,,98299,98308,0.5721,46128,Q179121
Russie,LOCATION,98507,98513,0.7536,2549,Q159
France,,98520,98526,0.5871,1095,Q142
Français,,98538,98546,0.6535,1095,Q142
Français,,98551,98559,0.6535,1095,Q142
Russie,LOCATION,98600,98606,0.7536,2549,Q159
français,,98640,98648,0.647,1095,Q142
Staline,,98802,98809,0.7611,32476,Q855
français,,98832,98840,0.647,1095,Q142
Staline,LOCATION,98874,98881,0.8631,32476,Q855
France,LOCATION,99174,99180,0.7527,1095,Q142
Kremlin,BUSINESS,99204,99211,0.5125,85199,Q263274
Vatican,LOCATION,99224,99231,0.8377,6667,Q237
Gaule,LOCATION,99260,99265,0.8395,1237,Q38060
Staline,LOCATION,99325,99332,0.8631,32476,Q855
Psychast,BUSINESS,99620,99628,0,,
communisme,,99920,99930,0.6194,5349064,Q6186
Barret,BUSINESS,100207,100213,0.3574,343579,Q1876611
jésuites,,100288,100296,0.7458,37325,Q36380
catholique,,100316,100326,0.6114,571,Q1841
jésuites,,100381,100389,0.7458,37325,Q36380
résistance catholique,,100423,100444,0.4897,401952,Q327401
Benès,BUSINESS,100744,100749,0,,
président des Etats-Unis,,100789,100813,0.8569,11020,Q11696
Europe,LOCATION,100816,100822,0.7663,1009,Q46
Staline,LOCATION,100859,100866,0.8631,32476,Q855
Tchlecosovaquie,LOCATION,100917,100932,0,,
Tchéco,LOCATION,101007,101013,0,,
drapeau tchécoslovaque,,101020,101042,0.9499,1354150,Q127155
Prague,LOCATION,101184,101190,0.8811,19058,Q1085
armée rouge,,101310,101321,0.9446,66409,Q251395
vers Budapest,,101334,101347,0.4937,995654,Q155103
Anglais,,101356,101363,0.4857,5539,Q1860
Adriatique,,101395,101405,0.702,53192,Q13924
Dalmatie,LOCATION,101415,101423,0.8783,69161,Q528042
Allemagne,LOCATION,101480,101489,0.7793,1590005,Q183
Balkans,,101494,101501,0.7571,27396,Q23522
amputation,,101556,101566,0.631,513218,Q477415
Europe,LOCATION,101572,101578,0.7663,1009,Q46
Balkans,,101699,101706,0.7571,27396,Q23522
capitalisme,,102157,102168,0.6478,8313,Q6206
anarchie,,102232,102240,0.5926,270,Q31895
fascisme,,102309,102317,0.7277,1135,Q6223
française,,102439,102448,0.5583,1095,Q142
Toulouse,LOCATION,102586,102594,0.7931,2996,Q7880
F.N.,PERSON,102725,102729,0,,
Pâques,,102852,102858,0.6897,29122,Q21196
Limousin,LOCATION,102920,102928,0,,
Leo Hamon,PERSON,103645,103654,0,,
Toulouse,LOCATION,103685,103693,0.7931,2996,Q7880
Paris,LOCATION,103724,103729,0.7837,681159,Q90
accord contractuel,,103909,103927,0.5303,42487,Q93288
parti travailliste,,104171,104189,0.4199,116797,Q9630
français,,104190,104198,0.647,1095,Q142
confédéré,,105942,105951,0.4076,1071587,Q1125021
anti-communisme,,105996,106011,0.9285,387403,Q182121
région,,106660,106666,0.6689,2605,Q36784
obus,,106860,106864,0.3682,73148,Q318028
allemande,,107112,107121,0.5225,1590005,Q183
juif alsacien,,107209,107222,0.8856,2927507,Q2899152
juifs,,107323,107328,0.6281,2350680,Q7325
région,,107406,107412,0.6689,2605,Q36784
Basses-Pyrénées,LOCATION,107731,107746,0.9954,2321,Q12703
Paris,LOCATION,108369,108374,0.7837,681159,Q90
Philippe,PERSON,108816,108824,0,,
Paris,LOCATION,109198,109203,0.7837,681159,Q90
américain,,109213,109222,0.6921,1377936,Q30
occupation américaine,,109302,109323,0.5853,1057089,Q696251
Cord,BUSINESS,109384,109388,0,,
Balkans,,109747,109754,0.7571,27396,Q23522
Avril Altman,PERSON,110049,110061,0,,
André,PERSON,110109,110114,0,,
têtes de ponts,,110265,110279,0.5531,979352,Q996524
Mer du Nord,BUSINESS,110351,110362,0.9942,8832,Q1693
Dumont,BUSINESS,110410,110416,0,,
Chabaud,BUSINESS,110418,110425,0,,
Talbert,PERSON,110429,110436,0,,
Commissaires de la République,,110553,110582,0.8907,1235168,Q2986303
Dumont,BUSINESS,110626,110632,0,,
Suisse,LOCATION,111589,111595,0.801,2719,Q39
Suisse,LOCATION,112555,112561,0.801,2719,Q39
Allemagne,LOCATION,112594,112603,0.7793,1590005,Q183
imagine,,112716,112723,0.364,4020115,Q1971
Allemagne,LOCATION,112966,112975,0.7793,1590005,Q183
communisme,,113013,113023,0.6194,5349064,Q6186
de Gaulle,PERSON,113039,113048,0.6493,1019357,Q2042
fourrier,,113069,113077,0.57,726099,Q522908
France,LOCATION,113081,113087,0.7527,1095,Q142
Pétain,,113115,113121,0.6218,2516,Q5721
France,LOCATION,113144,113150,0.7527,1095,Q142
Salazar,BUSINESS,113256,113263,0.6809,628787,Q151394
Darland,BUSINESS,113417,113424,0,,
valise diplomatique,,113734,113753,0.9902,1168577,Q1227231
Grande-Bretagne,LOCATION,113800,113815,0.972,1312,Q23666
Angleterre,,113914,113924,0.6699,4925,Q21
Vogüé,,113931,113936,0.5324,323512,Q391128
Madelin,PERSON,113950,113957,0,,
rouleau compresseur,,114285,114304,0.9239,830458,Q216842
milicien,,115673,115681,0.3848,83321,Q579564
juif,,116379,116383,0.5462,2350680,Q7325
cest,,116387,116391,0.6572,70878,Q207020
Robinson,PERSON,116533,116541,0,,
Parisis,LOCATION,116644,116651,0,,
Ile-de-France,LOCATION,116874,116887,0.6508,1498,Q13917
France,LOCATION,116914,116920,0.7527,1095,Q142
Fouquet,BUSINESS,117070,117077,0.3783,111114,Q312794
Colbert,,117079,117086,0.617,46652,Q188971
Sceaux,,117089,117095,0.6008,3236109,Q370498
Paris,LOCATION,117188,117193,0.7837,681159,Q90
Paris,LOCATION,117422,117427,0.7837,681159,Q90
Paris,LOCATION,117451,117456,0.7837,681159,Q90
Paris,LOCATION,117616,117621,0.7837,681159,Q90
Paris,LOCATION,117781,117786,0.7837,681159,Q90
franchise,,117959,117968,0.5692,1015497,Q1441324
Lassale,LOCATION,118097,118104,0,,
vie religieuse,,118113,118127,0.5959,1290446,Q167847
Fresnes,LOCATION,118145,118152,0,,
Compïègne,LOCATION,118162,118171,0,,
chapelet,,118392,118400,0.595,423168,Q3129913
prêtre,,118472,118478,0.6195,25470,Q250867
messe,,118493,118498,0.5118,67115,Q132612
autel portatif,,118506,118520,0.3551,6242860,Q2872365
F.T.P,,118932,118937,0.4897,68576,Q15731766
allemand,,119213,119221,0.4442,1590005,Q183
wagon,,119345,119350,0.529,41234,Q9166501
Français,,119577,119585,0.6535,1095,Q142
Gestapo,,119683,119690,0.7812,44681,Q43250
Allemagne,LOCATION,119766,119775,0.7793,1590005,Q183
maquis,,119826,119832,0.4106,12676,Q701165
autoritarisme,,120118,120131,0.5536,1938231,Q6229
France,LOCATION,120309,120315,0.7527,1095,Q142
France,LOCATION,120507,120513,0.7527,1095,Q142
Paris,LOCATION,120597,120602,0.7837,681159,Q90
Chabor,BUSINESS,120877,120883,0,,
Saint-Germain,BUSINESS,120901,120914,0,,
Paris,LOCATION,120939,120944,0.7837,681159,Q90
Bd Ornano,LOCATION,121019,121028,0,,
fête du printemps,,121178,121195,0.4667,47774,Q131772
thé,,121406,121409,0.6078,3680900,Q6097
Piette Baumel Personne,PERSON,121677,121699,0,,
Rossini,,121704,121711,0.6648,107250,Q9726
Rossini,,121751,121758,0.6648,107250,Q9726
O.C.M. trop,PERSON,121791,121802,0,,
Teitgen Baumel Déjeuné,PERSON,122456,122478,0,,
Tristan,PERSON,122484,122491,0,,
Rossini,BUSINESS,122495,122502,0.8179,107250,Q9726
Freynet et Rémy,ORGANISATION,122613,122628,0,,
Tristan,PERSON,122838,122845,0,,
gaulliste,,123091,123100,0.6031,50270,Q770215
Freynet,BUSINESS,123448,123455,0,,
catholique,,124034,124044,0.6114,571,Q1841
cynisme,,124663,124670,0.553,74001,Q485459
porte-à-faux,,125784,125796,0.9466,50612,Q17227
Versailles,LOCATION,125820,125830,0.7715,15750,Q621
Français,,125977,125985,0.6535,1095,Q142
Bonni,PERSON,126043,126048,0,,
irai,,126414,126418,0.6911,492656,Q384304
Fayet,BUSINESS,126914,126919,0,,
Verdier,BUSINESS,127030,127037,0,,
France,LOCATION,127438,127444,0.7527,1095,Q142
capitale de la France,,127577,127598,0.4281,1993730,Q2743079
Toulouse,LOCATION,127618,127626,0.7931,2996,Q7880
Tristan,BUSINESS,127637,127644,0,,
Tristan,PERSON,127908,127915,0,,
Paris,LOCATION,128012,128017,0.7837,681159,Q90
Pia niste et socialiste,ORGANISATION,128040,128063,0,,
Chabot,BUSINESS,128096,128102,0,,
Freynet,BUSINESS,128355,128362,0,,
homme de lettres,,128848,128864,0.9215,1738,Q8242
Grégoire,BUSINESS,128964,128972,0,,
sociétés coopératives,,129211,129232,0.3545,114961,Q4539
Hachette,BUSINESS,129488,129496,0.4871,74663,Q349566
Pétain,,129683,129689,0.6166,2516,Q5721
Paris,LOCATION,129692,129697,0.7837,681159,Q90
Boulevard Saint Germain,BUSINESS,129852,129875,0.95,516811,Q533037
haie,,129936,129940,0.5903,455447,Q235779
Pétain,,129987,129993,0.6166,2516,Q5721
Boulevard Saint Germain,BUSINESS,130051,130074,0.95,516811,Q533037
bicyclette,,130090,130100,0.6225,31292,Q11442
Breton-On,BUSINESS,130527,130538,0,,
Rome,BUSINESS,130624,130628,0.7754,3324146,Q220
persécutions antireligieuses,,130665,130693,0.9208,4012435,Q301585
orthodoxie,,130727,130737,0.4152,45828,Q383258
régime soviétique,,130765,130782,0.6346,3111,Q15180
Russie,LOCATION,130835,130841,0.7536,2549,Q159
régime soviétique,,130900,130917,0.6346,3111,Q15180
église orthodoxe,,130943,130959,0.9308,1062153,Q35032
Staline,LOCATION,130978,130985,0.8631,32476,Q855
Rome,BUSINESS,131069,131073,0.7754,3324146,Q220
église romaine,,131107,131121,0.3582,2756664,Q665037
Rome,BUSINESS,131345,131349,0.7754,3324146,Q220
Olier,BUSINESS,131429,131434,0,,
Labruyère,LOCATION,131455,131464,0,,
Albi,LOCATION,131592,131596,0.7872,58083,Q132801
Henriot,BUSINESS,131598,131605,0,,
Lyon,LOCATION,131627,131631,0.8018,802627,Q456
Pisani VENDREDI-Déjeuné,PERSON,131725,131750,0,,
Edouard,PERSON,131756,131763,0,,
Inspection des Finances,ORGANISATION,131825,131848,0.9391,478799,Q3151643
gaullisme,,131882,131891,0.6254,50270,Q770215
gaullisme,,131995,132004,0.6254,50270,Q770215
gaulliste,,132189,132198,0.6031,50270,Q770215
Vogüé,,132322,132327,0.5324,323512,Q391128
SOIR Départ pour Limoges,BUSINESS,132477,132501,0,,
Juvisy,PERSON,132506,132512,0.5062,883669,Q628695
Massy-Palaiseau,,132579,132594,0.9918,538421,Q801166
wagon,,132649,132654,0.529,41234,Q9166501
Limoges,LOCATION,133133,133140,0.7742,8837,Q45656
Anglais,,133260,133267,0.4857,5539,Q1860
Limoges,LOCATION,133300,133307,0.7742,8837,Q45656
confédéré,,133819,133828,0.4076,1071587,Q1125021
Maillot,LOCATION,134606,134613,0,,
catholicisme,,134739,134751,0.701,571,Q1841
anxiété,,134970,134977,0.6213,447401,Q154430
pétainiste,,135571,135581,0.4524,2516,Q5721
dominicain,,135645,135655,0.6396,53127,Q131479
Pétain,PERSON,135704,135710,0.7473,2516,Q5721
socialisme,,136087,136097,0.6243,7136,Q7272
région,,136129,136135,0.6757,2605,Q36784
Paris,LOCATION,136612,136617,0.7837,681159,Q90
basse,,136951,136956,0.5463,5993,Q46185
Français,,137215,137223,0.6535,1095,Q142
Anglais,,137240,137247,0.4857,5539,Q1860
Toulouse,LOCATION,137303,137311,0.7931,2996,Q7880
zone sud,,137693,137701,0.5915,58392,Q3575913
apocalypse,,137814,137824,0.5251,30932,Q42040
Jean,PERSON,137939,137943,0,,
Commissaire de la République,,138009,138037,0.8426,1235168,Q2986303
Toulouse,LOCATION,138040,138048,0.7931,2996,Q7880
préjugé,,138102,138109,0.5509,88711,Q179742
espère,,138487,138493,0.5662,474089,Q1321617
Paris,LOCATION,138557,138562,0.7837,681159,Q90
Juvisy,,138622,138628,0.4078,883669,Q628695
Paris,LOCATION,138632,138637,0.7837,681159,Q90
argile,,138772,138778,0.7294,22385,Q42302
psychologie,,139003,139014,0.6851,2398,Q9418
période de Vichy,,139329,139345,0.5078,4105431,Q69808
Cheval-Dormois,BUSINESS,139663,139677,0,,
Lecompte-Boinet,,139833,139848,0.352,1032904,Q3159342
l'union sacrée,,140087,140101,0.7626,1697838,Q3204812
bouffé,,140430,140436,0.3689,5271074,Q3142514
tigre,,140440,140445,0.3565,63377,Q19939
Crouzet,BUSINESS,141156,141163,0,,
mol,,141212,141215,0.71,5707,Q41509
Garnier,PERSON,141455,141462,0,,
lieux communs,,141515,141528,0.6789,57274,Q1500906
Fontenay,LOCATION,141745,141753,0,,
CDLR,ORGANISATION,141755,141759,0.7261,957072,Q2947157
Paris,LOCATION,141815,141820,0.7837,681159,Q90
France,LOCATION,142346,142352,0.7527,1095,Q142
patriotisme,,142536,142547,0.3546,20033,Q6241
F.T.C.-II,PERSON,143002,143013,0,,
avocat,,143397,143403,0.6304,57147,Q40348
Paris,LOCATION,143453,143458,0.7837,681159,Q90
Piette Personne,PERSON,143475,143490,0,,
Paris,LOCATION,143617,143622,0.7837,681159,Q90
maintien de l'ordre,,143632,143651,0.5986,332922,Q160146
contre révolutionnaire,,143669,143691,0.5119,487256,Q755138
Paris,LOCATION,143900,143905,0.7837,681159,Q90
Paris,LOCATION,143918,143923,0.7837,681159,Q90
Jean,PERSON,144070,144074,0,,
anxiété,,144203,144210,0.6213,447401,Q154430
Jean,PERSON,144265,144269,0,,
anxiété,,144423,144430,0.6213,447401,Q154430
anxiété,,144436,144443,0.6213,447401,Q154430
Révolution,,144482,144492,0.646,6742,Q6534
Vogüé,,144661,144666,0.5324,323512,Q391128
SAMEDI SOIR,,144667,144678,0.9151,3916120,Q3470737
Paris,LOCATION,144743,144748,0.7837,681159,Q90
troupes alliées,,144938,144953,0.4282,1355208,Q329888
région,,144971,144977,0.6757,2605,Q36784
juif,,145093,145097,0.5462,2350680,Q7325
Compiègne,LOCATION,145146,145155,0.7822,10322,Q180871
antisémitisme,,145166,145179,0.7394,8391,Q22649
juifs,,145209,145214,0.6281,2350680,Q7325
juifs,,145356,145361,0.6281,2350680,Q7325
juifs,,145490,145495,0.6281,2350680,Q7325
Jacques,PERSON,145925,145932,0,,
Delsol,BUSINESS,146367,146373,0,,
intérêt général,,146616,146631,0.6398,3066274,Q29627
faille,,146842,146848,0.5141,91956,Q47089
économistes libéraux,,146899,146919,0.6435,450139,Q729119
bien commun,,147043,147054,0.9333,7246382,Q13534337
pétainiste,,147777,147787,0.4524,2516,Q5721
Michel Debré,PERSON,148291,148303,0.9954,15801,Q296386
Jacquier,BUSINESS,148323,148331,0.3709,284805,Q45757
zone sud,,148711,148719,0.5915,58392,Q3575913
Conseil d'Etat,,148761,148775,0.8737,244399,Q769657
épuration,,148828,148837,0.3816,18933,Q221275
Paris,LOCATION,149086,149091,0.7837,681159,Q90
conseillers municipaux,,149289,149311,0.6215,3634863,Q2647159
Paris,,149407,149412,0.5627,681159,Q90
Paris,,149461,149466,0.5627,681159,Q90
Dormois,BUSINESS,149609,149616,0,,
dane,,150935,150939,0.3832,19071,Q9035
Maillot,BUSINESS,151863,151870,0,,
C.F.T,BUSINESS,151918,151923,0,,
Paris,LOCATION,151977,151982,0.7837,681159,Q90
espère,,152000,152006,0.5662,474089,Q1321617
jocistes,,152033,152041,0.6471,405585,Q707083
Allemagne,LOCATION,152139,152148,0.7793,1590005,Q183
bombes incendiaires,,152211,152230,0.9507,880220,Q897842
allemande,,152327,152336,0.5225,1590005,Q183
allemand,,152696,152704,0.4442,1590005,Q183
Berlin,LOCATION,152858,152864,0.8349,7221,Q64
Colin,PERSON,153235,153240,0,,
Monsieur,LOCATION,153671,153679,0,,
Fugp,ORGANISATION,153996,154000,0,,
Fédération,ORGANISATION,154048,154058,0,,
JCC,,154257,154260,0.4641,107815,Q734698
Versailles,LOCATION,154432,154442,0.7715,15750,Q621
Commissaire de la République,,154551,154579,0.8426,1235168,Q2986303
Marsac,BUSINESS,154602,154608,0,,
veules,,154877,154883,0.5529,49757,Q3333964
français,,154895,154903,0.647,1095,Q142
diapason,,155357,155365,0.3573,31772,Q201898
dane,,155456,155460,0.3832,19071,Q9035
Paul André,PERSON,156141,156151,0.5836,947501,Q3370473
allier,,156476,156482,0.6324,33,Q3113
anti-communiste,,156584,156599,0.9274,387403,Q182121
Garnier,LOCATION,156735,156742,0,,
Afrique du Nord,LOCATION,156889,156904,0.9889,14389,Q27381
droit de vote,,157099,157112,0.7869,402505,Q185387
nationalisation,,157414,157429,0.5927,5118,Q178564
expropriation,,157431,157444,0.5591,750723,Q86757
socialisation,,157446,157459,0.5604,47979,Q185467
français,,158257,158265,0.647,1095,Q142
Gaulle,PERSON,158504,158510,0,,
France,LOCATION,158582,158588,0.7527,1095,Q142
sentiments xénophobes,,158976,158997,0.7852,8734,Q166005
dane,,159092,159096,0.3832,19071,Q9035
Delsol,BUSINESS,159266,159272,0,,
Hervé,PERSON,159296,159301,0,,
Verdier,BUSINESS,159338,159345,0,,
Komintern,BUSINESS,159508,159517,0.898,60240,Q163931
Anglais,,159860,159867,0.4857,5539,Q1860
Gênes,LOCATION,159883,159888,0.8592,12419,Q1449
Turquie,LOCATION,159894,159901,0.8557,1574253,Q43
Bretagne,LOCATION,159955,159963,0.5701,3554082,Q327
Parus,,160279,160284,0.4734,1147321,Q719380
charbon,,160322,160329,0.4263,5329820,Q24489
affre,,160557,160562,0.4038,292681,Q737359
charbon,,160598,160605,0.4263,5329820,Q24489
électricité,,160630,160641,0.5301,3432,Q12725
André,BUSINESS,160807,160812,0,,
indulgence,,161008,161018,0.5247,21362,Q44777
Finlande,LOCATION,161181,161189,0.8083,1094,Q33
Finlande,LOCATION,161304,161312,0.8083,1094,Q33
Universitaire,PERSON,161547,161560,0.3671,37141,Q3918
avant-guerre,,162051,162063,0.3627,2757,Q362
Pétain,LOCATION,162220,162226,0.7473,2516,Q5721
Oui-Laqelle,LOCATION,162682,162695,0,,
renié,,163087,163092,0.6196,5611591,Q511777
français,,163299,163307,0.647,1095,Q142
Français,,163432,163440,0.6535,1095,Q142
hommes de lettres,,163455,163472,0.3799,1738,Q8242
cher,,163565,163569,0.488,548,Q3286
Tristan,PERSON,163570,163577,0,,
journaliste,,163608,163619,0.647,94882,Q1930187
moches,,164306,164312,0.7289,245100,Q208188
Gildas,BUSINESS,164533,164539,0,,
F.F.I,BUSINESS,164953,164958,0.4146,68552,Q186595
tour Eiffel,,165070,165081,0.9909,1359783,Q243
baïonnette,,165087,165097,0.6067,152535,Q173366
Gildas,BUSINESS,165208,165214,0,,
après guerre,,165338,165350,0.3672,531776,Q1201472
Jacqueline Bernard Diné,PERSON,165674,165697,0,,
Augé,BUSINESS,165703,165707,0,,
Juifs,,165722,165727,0.6291,2350680,Q7325
juifs,,165810,165815,0.6281,2350680,Q7325
juive,,165824,165829,0.4062,2350680,Q7325
Rossini,,165907,165914,0.6648,107250,Q9726
testament politique,,166268,166287,0.5066,4036767,Q700285
Rossini,,166289,166296,0.6648,107250,Q9726
Debu-Bridel,,166601,166612,0.8073,1049167,Q3158657
SOIR,BUSINESS,166622,166626,0,,
français,,166691,166699,0.647,1095,Q142
Angleterre,LOCATION,166728,166738,0.7745,4925,Q21
Angleterre,LOCATION,166829,166839,0.7745,4925,Q21
France,LOCATION,166887,166893,0.7527,1095,Q142
France,LOCATION,166996,167002,0.7527,1095,Q142
Daladier,BUSINESS,167119,167127,0.7419,53355,Q213526
Dumont,BUSINESS,167536,167542,0,,
Tristan,PERSON,167558,167565,0,,
Dumont,BUSINESS,167722,167728,0,,
dane,,167962,167966,0.3832,19071,Q9035
Talbert,PERSON,168083,168090,0,,
Dumont,BUSINESS,168226,168232,0,,
Yves Bayet Boucher,PERSON,168487,168505,0,,
Dumont,BUSINESS,168527,168533,0,,
Bastille,LOCATION,168662,168670,0.4912,76907,Q1865480
révolution française,,168829,168849,0.9475,6742,Q6534
Bastille,LOCATION,168867,168875,0.4912,76907,Q1865480
CJF,ORGANISATION,168931,168934,0,,
communisme,,169116,169126,0.6194,5349064,Q6186
méthode espagnole,,169245,169262,0.4652,4551370,Q1342434
Madagascar,LOCATION,170217,170227,0.8788,8645,Q1019
Pétain,LOCATION,170248,170254,0.7473,2516,Q5721
anglais,,170276,170283,0.503,5539,Q1860
anglais,,170582,170589,0.503,5539,Q1860
Roland Pré,PERSON,170591,170601,0,,
Oronte,,170624,170630,0.8052,67676,Q188871
aimable,,170649,170656,0.3589,568521,Q2827988
Bastier,BUSINESS,170741,170748,0,,
Georges,PERSON,170966,170973,0,,
juive,,170989,170994,0.4062,2350680,Q7325
juifs,,171063,171068,0.6281,2350680,Q7325
journalisme,,171112,171123,0.5654,104291,Q11030
juive,,171254,171259,0.4062,2350680,Q7325
juifs,,171282,171287,0.6281,2350680,Q7325
équipe d'Israël,,171508,171523,0.9853,223823,Q191406
juive,,171600,171605,0.4062,2350680,Q7325
Crouzet,BUSINESS,171682,171689,0,,
Tristan,PERSON,171729,171736,0,,
René,LOCATION,171779,171783,0,,
après guerre,,171990,172002,0.3672,531776,Q1201472
Brulé,PERSON,172116,172121,0,,
Comité de Liber,ORGANISATION,172163,172178,0,,
F.N,BUSINESS,172268,172271,0,,
Sauvion,BUSINESS,172447,172454,0,,
anti-communistes,,172497,172513,0.6062,387403,Q182121
courent,,172595,172602,0.6887,9480613,Q3696212
Fabry,BUSINESS,172643,172648,0,,
Madrid,LOCATION,172671,172677,0.8223,2010,Q2807
Don Juan,PERSON,172700,172708,0.8874,259439,Q210372
psychanalyse,,172713,172725,0.701,42242,Q41630
Don Juan,,172773,172781,0.8648,259439,Q210372
complexe d'infériorité,,172865,172887,0.9051,525363,Q319763
Malgré Madame Gildas,PERSON,172963,172983,0,,
Georges,BUSINESS,173299,173306,0,,
Georges,PERSON,173426,173433,0,,
Georges,PERSON,173655,173662,0,,
totalitaires,,173691,173703,0.4928,15761,Q128135
totalitaires,,173746,173758,0.4928,15761,Q128135
Kriegel Après Georges,BUSINESS,173792,173813,0,,
antisémitisme,,174235,174248,0.7394,8391,Q22649
Valrimont,BUSINESS,174319,174328,0,,
Judéo Marxiste,PERSON,174477,174491,0,,
Robert,PERSON,174550,174556,0,,
Robert,PERSON,174585,174591,0,,
Robert,BUSINESS,174786,174792,0,,
Sauv,BUSINESS,174794,174798,0,,
"Commissions des ""Génies",ORGANISATION,174913,174936,0,,
inspecteurs des finances,,175075,175099,0.4206,478799,Q3151643
Alger,BUSINESS,175297,175302,0.8432,107,Q3561
CGE,BUSINESS,175304,175307,0,,
communisme,,175487,175497,0.6194,5349064,Q6186
Dumont,BUSINESS,175499,175505,0,,
Fédé,,175815,175819,0.4726,9329218,Q21008415
Tristan,PERSON,175875,175882,0,,
Tristan,PERSON,175954,175961,0,,
Dumont,BUSINESS,176225,176231,0,,
régime capitaliste,,176360,176378,0.5142,8313,Q6206
marxiste,,176421,176429,0.6443,45519,Q7264
Mai Debu-Bridel,PERSON,177022,177037,0,,
DUVAL,BUSINESS,177062,177067,0,,
français,,177128,177136,0.647,1095,Q142
Tardieu,LOCATION,177211,177218,0,,
blé,,177261,177264,0.6538,20544,Q15645384
cher,,177265,177269,0.488,548,Q3286
France,LOCATION,177368,177374,0.7527,1095,Q142
Thorez,PERSON,177525,177531,0.3777,36209,Q345408
Gaulle,PERSON,177716,177722,0,,
inquisition,,177976,177987,0.6347,27400,Q43173
Pignelli,BUSINESS,178270,178278,0,,
capitalisme,,178517,178528,0.6478,8313,Q6206
RÉUNION,LOCATION,178529,178536,0,,
GARNIER,BUSINESS,178542,178549,0,,
bois de Boulogne,,178767,178783,0.9918,104619,Q209626
Garnier,PERSON,179692,179699,0,,
Churchill,PERSON,179912,179921,0.3756,15797,Q8016
Ankara,LOCATION,180060,180066,0.8773,14364,Q3640
Pierre Commin Darbois,PERSON,180328,180349,0,,
rime,,180987,180991,0.5621,2638,Q178715
S et Oise,PERSON,181159,181168,0,,
Lecoq,BUSINESS,181170,181175,0,,
Maurice,PERSON,181203,181210,0,,
Marty,PERSON,181661,181666,0,,
Robert Salmon,,181723,181736,0.9911,4495344,Q3436226
DF,BUSINESS,181922,181924,0,,
Terrière,BUSINESS,182001,182009,0,,
Vichy,LOCATION,182077,182082,0.4988,15794,Q93351
dialectique,,182245,182256,0.6264,25083,Q9453
dialectique,,182475,182486,0.6264,25083,Q9453
Séance de nuit,,182934,182948,0.5587,5319841,Q3509906
Bureau Parisien,ORGANISATION,182952,182967,0,,
aise,,183219,183223,0.6906,463200,Q1548757
CPL,ORGANISATION,183495,183498,0,,
psychologie populaire,,183706,183727,0.4681,292856,Q1874033
Dumarion,BUSINESS,183799,183807,0,,
Maurice Thorez,PERSON,183937,183951,0.9985,36209,Q345408
Mons,,184086,184090,0.6343,21408,Q83407
BP,,184783,184785,0.4109,53719,Q152057
Yves Farge,PERSON,184798,184808,0.9984,199570,Q2443625
CAD,,184846,184849,0.5781,154943,Q1104069
Vignon,LOCATION,185644,185650,0,,
Marc Laurent119117faute,PERSON,186097,186120,0,,
déportation,,186228,186239,0.4072,331820,Q379693
Allemagne,LOCATION,186293,186302,0.7793,1590005,Q183
France,LOCATION,186313,186319,0.7527,1095,Q142
Paris,LOCATION,186679,186684,0.7837,681159,Q90
bains de mer,,186785,186797,0.9443,628909,Q1132965
bains de mer,,186902,186914,0.9443,628909,Q1132965
France,LOCATION,188077,188083,0.7527,1095,Q142
veules,,188160,188166,0.5529,49757,Q3333964
France,LOCATION,188296,188302,0.7527,1095,Q142
propagande nazie,,188473,188489,0.9779,236797,Q705157
jansénistes,,188732,188743,0.7289,3997325,Q1287
saine,,188824,188829,0.4795,1682330,Q3461652
nazis,,188899,188904,0.6218,1530239,Q7310
totalitarisme,,188980,188993,0.7727,15761,Q128135
propagande,,189197,189207,0.3571,55647,Q7281
propagande,,189341,189351,0.3571,55647,Q7281
propagande,,189419,189429,0.3571,55647,Q7281
propagande,,189641,189651,0.3571,55647,Q7281
propagande,,189717,189727,0.3571,55647,Q7281
Vogüé,,189910,189915,0.5324,323512,Q391128
après-guerre,,189981,189993,0.6293,531776,Q1201472
maintien de l'ordre,,190690,190709,0.5986,332922,Q160146
syndicaliste,,190767,190779,0.5663,5612,Q49780
syndicaliste,,190800,190812,0.5663,5612,Q49780
communisant,,190813,190824,0.42,5349064,Q6186
Lachaud,BUSINESS,191065,191072,0,,
Français,,191333,191341,0.6535,1095,Q142
France,LOCATION,191559,191565,0.7527,1095,Q142
Lachaud,LOCATION,192168,192175,0,,
Prance,LOCATION,192181,192187,0,,
Lachaud,BUSINESS,192379,192386,0,,
conjugaison,,192450,192461,0.4283,70667,Q474628
Deplus,BUSINESS,192818,192824,0,,
Lozet,BUSINESS,192951,192956,0,,
Laymond Laurent,PERSON,192977,192992,0,,
rr,,193359,193361,0.6906,470991,Q498721
oligarchie,,193891,193901,0.7617,36365,Q79751
Dumanoir,BUSINESS,194018,194026,0.8213,5870761,Q1396138
équilibres politiques,,194191,194212,0.3525,1191707,Q1125082
Vallat,BUSINESS,194853,194859,0.3547,4914517,Q1767475
propagande,,195475,195485,0.3571,55647,Q7281
anti-communiste,,195486,195501,0.9274,387403,Q182121
paris,,195684,195689,0.665,681159,Q90
Mn,,195740,195742,0.5893,11718,Q731
Musson,,195958,195964,0.5437,221825,Q713538
Antigone,LOCATION,196425,196433,0,,
Antigone,LOCATION,196720,196728,0,,
Sophocle,,196894,196902,0.8261,29502,Q7235
Don Juan,PERSON,197156,197164,0.8874,259439,Q210372
refoulement,,197191,197202,0.5938,189891,Q941796
Antigone,LOCATION,197205,197213,0,,
Ehilippe,BUSINESS,197369,197377,0,,
Philippe,PERSON,197729,197737,0,,
espère,,197830,197836,0.5662,474089,Q1321617
Pilippe,LOCATION,198032,198039,0,,
ome,,198062,198065,0.354,885978,Q105376
Anglo-Saxons,LOCATION,198105,198117,0.5781,49598,Q32768
chute de Rome,,198321,198334,0.5012,965065,Q689999
débarquement en France,,198570,198592,0.5123,557878,Q16470
Dérard,BUSINESS,198696,198702,0,,
Assemblée Nationale,INSTITUTION,199212,199231,0.8797,118444,Q193582
capitalisme,,199384,199395,0.6478,8313,Q6206
stérilité,,199775,199784,0.6064,96372,Q3749492
nationalisation,,199968,199983,0.5927,5118,Q178564
ascétisme,,200212,200221,0.6233,2846183,Q179807
occupations d'usines,,200837,200857,0.5117,6105152,Q3118398
aures,,200989,200994,0.5714,3552084,Q62624
S.,BUSINESS,201503,201505,0,,
Iristan,BUSINESS,201524,201531,0,,
impulsivité,,201554,201565,0.5394,1973691,Q1549918
franchise,,202406,202415,0.5692,1015497,Q1441324
Sérardelsol,BUSINESS,202489,202500,0,,
vains,,202586,202591,0.6137,484962,Q634191
CRA N GINAD,BUSINESS,202611,202622,0,,
Pénélope,LOCATION,202824,202832,0.567,87493,Q165769
guignol,,203035,203042,0.5788,33390,Q4179
Ron,BUSINESS,203307,203310,0,,
anticommuniste,,203959,203973,0.6538,387403,Q182121
Rossini,,204762,204769,0.6648,107250,Q9726
allemand,,205553,205561,0.4442,1590005,Q183
aimable,,205646,205653,0.3589,568521,Q2827988
lares,,206013,206018,0.6066,97077,Q504377
oute,,206452,206456,0.6868,2430559,Q191000
guignol,,206517,206524,0.5788,33390,Q4179
Paris,LOCATION,207082,207087,0.7837,681159,Q90
Administrations publiques,,207165,207190,0.8361,82595,Q31728
Lobert,BUSINESS,207376,207382,0,,
Commune,,207874,207881,0.3596,29110,Q133132
Paris,LOCATION,207928,207933,0.7837,681159,Q90
Paris,LOCATION,208241,208246,0.7837,681159,Q90
Paris,LOCATION,208762,208767,0.7837,681159,Q90
dea,,208815,208818,0.5521,51206,Q694134
André,LOCATION,208844,208849,0,,
Eisenhover,BUSINESS,208950,208960,0.8397,24969,Q9916
trusts,,209238,209244,0.5984,1198172,Q1133938
Dauchardi,BUSINESS,209639,209648,0,,
Paris,LOCATION,209754,209759,0.7837,681159,Q90
France,LOCATION,209874,209880,0.7527,1095,Q142
Cr,,210143,210145,0.5516,11717,Q725
abimes,,210275,210281,0.6828,1118897,Q816156
tron,,210341,210345,0.568,183784,Q626483
cest,,210354,210358,0.6572,70878,Q207020
oas,,210507,210510,0.6941,6600,Q918356
ECI,BUSINESS,211406,211409,0,,
coup de vent,,211828,211840,0.3826,339626,Q170464
Menaud,BUSINESS,211842,211848,0,,
Croset,BUSINESS,211852,211858,0,,
propagande,,212248,212258,0.3571,55647,Q7281
cloche,,212449,212455,0.368,72056,Q101401
syndicalisme,,212470,212482,0.5557,5612,Q49780
Massif Central,ORGANISATION,212703,212717,0.964,37100,Q190695
classes moyennes,,214227,214243,0.619,605057,Q241588
gons,,214446,214450,0.7746,695604,Q208528
Paris,LOCATION,214955,214960,0.7837,681159,Q90
AMAMDE,ORGANISATION,215108,215114,0,,
Caulle,LOCATION,216181,216187,0,,
Ne-forx,LOCATION,216211,216218,0,,
Croix,LOCATION,216244,216249,0,,
Amérique,LOCATION,216381,216389,0.3699,5066,Q828
augure,,216401,216407,0.5473,191984,Q215909
libération de Paris,,216613,216632,0.9928,850121,Q696835
têtes de ponts,,216804,216818,0.5531,979352,Q996524
Staline,LOCATION,216875,216882,0.8631,32476,Q855
Paris,LOCATION,216956,216961,0.7837,681159,Q90
allemande,,217054,217063,0.5225,1590005,Q183
Suhmann,BUSINESS,217241,217248,0,,
française,,217267,217276,0.5583,1095,Q142
France,LOCATION,217594,217600,0.7527,1095,Q142
Paris,LOCATION,217722,217727,0.7837,681159,Q90
Riez,,217804,217808,0.6426,319037,Q457002
disette,,217924,217931,0.4133,96166,Q168247
charbon,,217951,217958,0.4263,5329820,Q24489
Edouard,PERSON,218705,218712,0,,
Eérard,PERSON,218737,218743,0,,
cours de change,,218754,218769,0.8952,103656,Q66100
Mormandie,LOCATION,218797,218806,0,,
dollar,,218815,218821,0.423,5163,Q14083
questions monétaires,,218839,218859,0.5684,76003,Q214393
Sdouard,BUSINESS,219110,219117,0,,
interventionniste,,219494,219511,0.5342,135972,Q597339
Edouard,PERSON,219548,219555,0,,
MAEDI,,219619,219624,0.7231,644019,Q789848
SP,BUSINESS,220260,220262,0,,
maquisards,,220400,220410,0.5934,12676,Q701165
victimes expiatoires,,220486,220506,0.5563,57021,Q245122
politique sociale,,220703,220720,0.6225,1061445,Q828395
SIP,BUSINESS,221235,221238,0,,
Alger,LOCATION,221714,221719,0.8432,107,Q3561
CI,BUSINESS,222340,222342,0,,
roquer,,222545,222551,0.6359,351295,Q102877
déserteur,,222689,222698,0.3845,289129,Q633339
I-Nechnicien,LOCATION,223138,223152,0,,
hardis,,223353,223359,0.5789,6692849,Q3127388
Paris,LOCATION,223567,223572,0.7837,681159,Q90
Paris,,223881,223886,0.5627,681159,Q90
Paris,LOCATION,223931,223936,0.7837,681159,Q90
AE0 RADa Mous,BUSINESS,224213,224226,0,,
Dumont,BUSINESS,225356,225362,0,,
artin,,225870,225875,0.4218,30132,Q57283
amiral Derrien,,226046,226060,0.8851,10627577,Q28839076
grand parti,,226372,226383,0.3975,2497304,Q2421530
Comac,,226901,226906,0.5139,3918198,Q1115363
Paris,LOCATION,227206,227211,0.7837,681159,Q90
Paris,LOCATION,227844,227849,0.7837,681159,Q90
aise,,227861,227865,0.6906,463200,Q1548757
Crd,ORGANISATION,228050,228053,0,,
Naurice,PERSON,228065,228072,0,,
Vichy,LOCATION,228987,228992,0.4988,15794,Q93351
FN,,229397,229399,0.7737,1122,Q205150
yas,,229886,229889,0.6828,93703,Q710466
sens moral,,229979,229989,0.4763,7145,Q48324
Cotentin,ORGANISATION,230064,230072,0.8587,1600597,Q463529
tête de pont,,230148,230160,0.411,979352,Q996524
Levu Nadelin,PERSON,230238,230250,0,,
maquis,,230320,230326,0.4106,12676,Q701165
Mormandie,LOCATION,230650,230659,0,,
vienne,,230945,230951,0.4994,15839,Q1741
sS,,231506,231508,0.6078,24131,Q44687
Vive la liberté,,231648,231663,0.8982,5489521,Q1759277
Constantinople,LOCATION,231680,231694,0.8777,26277,Q16869
Mathieu,BUSINESS,231733,231740,0,,
allemand,,232340,232348,0.4442,1590005,Q183
réactionnaire,,232722,232735,0.513,437603,Q192957
Crégoire,LOCATION,233035,233043,0,,
Paris,LOCATION,233109,233114,0.7837,681159,Q90
complexe d'infériorité,,233198,233220,0.9051,525363,Q319763
politique dans ce pays,,233239,233261,0.5558,81268,Q1155561
radio de Londres,,233525,233541,0.8582,941013,Q826265
franco,,233584,233590,0.4115,1095,Q142
britannique,,233591,233602,0.6339,2551,Q145
Alger,LOCATION,233693,233698,0.8432,107,Q3561
américaine,,233765,233775,0.6739,1377936,Q30
franco,,233846,233852,0.4115,1095,Q142
anglais,,233853,233860,0.503,5539,Q1860
ondres,,233911,233917,0.6069,465341,Q1114119
Anglais,,234023,234030,0.4857,5539,Q1860
gouvernail,,234505,234515,0.5629,428498,Q209760
bière,,234582,234587,0.6628,17752,Q44
Dumont,BUSINESS,234643,234649,0,,
première provinciale,,234679,234699,0.9889,4900874,Q2186316
Paris,LOCATION,234937,234942,0.7837,681159,Q90
désarroi,,235138,235146,0.6061,9462485,Q19903966
gênes,,235167,235172,0.7551,12419,Q1449
CFI,BUSINESS,235224,235227,0,,
réactionnaire,,235570,235583,0.513,437603,Q192957
réactionnaire,,235831,235844,0.513,437603,Q192957
gardien de la paix,,236109,236127,0.8825,1189743,Q3095455
Front National,ORGANISATION,236711,236725,0.9603,1122,Q205150
maringouin,,237211,237221,0.7147,2123054,Q7367
Vitea,BUSINESS,237382,237387,0,,
allemande,,237730,237739,0.5225,1590005,Q183
Finlande,LOCATION,237880,237888,0.8083,1094,Q33
RoJ,BUSINESS,238239,238242,0,,
avocat,,238317,238323,0.6304,57147,Q40348
Robert,PERSON,238337,238343,0,,
Robert,BUSINESS,238797,238803,0,,
patriotisme,,239739,239750,0.3546,20033,Q6241
Mobert,BUSINESS,240423,240429,0,,
Français,,240525,240533,0.6535,1095,Q142
Robert,PERSON,240817,240823,0,,
Mobert,BUSINESS,240924,240930,0,,
oea,,240967,240970,0.6378,67952,Q123759
Lobert,BUSINESS,241207,241213,0,,
étrier,,241331,241337,0.4233,546697,Q191657
Solférino,BUSINESS,241383,241392,0.5191,285989,Q324916
Seine,,241557,241562,0.4247,2763,Q1471
Narns,PERSON,241566,241571,0,,
visé,,241848,241852,0.6193,177989,Q49743
pri,,241922,241925,0.4263,18498,Q682969
ambulance,,241962,241971,0.5316,62018,Q180481
L.F.,PERSON,242256,242260,0.4563,406583,Q178823
investissements étrangers,,242395,242420,0.5683,163133,Q490513
comptes en banque,,242706,242723,0.4974,91049,Q676459
comptes en banque,,242855,242872,0.4974,91049,Q676459
comptes en banque,,243021,243038,0.4974,91049,Q676459
déflation,,243346,243355,0.6628,7195,Q161081
politique économique,,243391,243411,0.5958,480150,Q582577
réformes de structure,,243419,243440,0.3658,2502636,Q3454788
réformes de structure,,243781,243802,0.3658,2502636,Q3454788
dévaluation,,244032,244043,0.6018,15776,Q220788
nées,,244172,244176,0.7453,130114,Q14819852
dollar,,244263,244269,0.423,5163,Q14083
Vous,BUSINESS,244321,244325,0,,
aures,,244328,244333,0.5714,3552084,Q62624
dévaluation,,244720,244731,0.6018,15776,Q220788
faon,,244787,244791,0.4411,45560,Q23390
réformes de structure,,244969,244990,0.3658,2502636,Q3454788
classe ouvrière,,245459,245474,0.9384,36070,Q191159
fonction publique,,246335,246352,0.7528,1260922,Q11771944
André Mabé,PERSON,246610,246620,0,,
aigre,,246760,246765,0.6323,343558,Q1451759
marxiste,,247087,247095,0.6443,45519,Q7264
Paris,LOCATION,247129,247134,0.7837,681159,Q90
ail,,247305,247308,0.6636,31525,Q23400
Pain,BUSINESS,247904,247908,0,,
réformes de structure,,247951,247972,0.3658,2502636,Q3454788
communisme,,248206,248216,0.6194,5349064,Q6186
Lgon-I,LOCATION,248278,248285,0,,
homéopathique,,249341,249354,0.5398,25715,Q81058
bottin mondain,,249465,249479,0.9444,715512,Q1299845
ECAD,ORGANISATION,249568,249572,0,,
allemand,,250219,250227,0.4442,1590005,Q183
auberge,,250542,250549,0.6481,1875153,Q256020
Jean-Jacques,PERSON,250621,250633,0,,
époque révolutionnaire,,251065,251087,0.6158,6742,Q6534
Chabot,BUSINESS,251200,251206,0,,
gand,,251246,251250,0.725,6095,Q1296
parti républicain,,251251,251268,0.9317,19747,Q29468
Cest,,251280,251284,0.6572,70878,Q207020
parti unique,,251353,251365,0.9722,783562,Q50686
parti gaulliste,,251420,251435,0.5488,50270,Q770215
vus,,251654,251657,0.6734,141745,Q192152
eiger,,251659,251664,0.6689,181035,Q4425
Lail,LOCATION,251731,251735,0,,
homme d'Etat,,252689,252701,0.8905,583200,Q372436
Lachaud,LOCATION,252812,252819,0,,
Personne,BUSINESS,253005,253013,0,,
Croix de Peu de gauche,BUSINESS,253200,253222,0,,
fondeur,,253764,253771,0.6656,52128,Q179687
mégalomanie,,254184,254195,0.6,1368598,Q987664
juive,,254225,254230,0.4062,2350680,Q7325
allemande,,254497,254506,0.5225,1590005,Q183
Lavier,LOCATION,254790,254796,0.3622,1311340,Q1409019
Fresse,LOCATION,254856,254862,0.6018,554938,Q918809
anti-capitaliste,,255057,255073,0.9406,106734,Q389647
Lachaud,BUSINESS,256524,256531,0,,
Labbé,BUSINESS,256734,256739,0,,
homme politique,,256832,256847,0.9695,42905,Q82955
Paniel,PERSON,257159,257165,0,,
Léon,LOCATION,257221,257225,0,,
ail,,257586,257589,0.6636,31525,Q23400
Paris,LOCATION,257625,257630,0.7837,681159,Q90
vus,,257670,257673,0.6734,141745,Q192152
Daymond,BUSINESS,257686,257693,0,,
manière de voir,,257946,257961,0.888,809709,Q3285985
Assemblée Nationale,INSTITUTION,258569,258588,0.8797,118444,Q193582
dions,,258920,258925,0.7403,410852,Q244175
Paris,LOCATION,259027,259032,0.7837,681159,Q90
Raymond,PERSON,259120,259127,0,,
galère,,259211,259217,0.5553,1028121,Q188924
tradition révolutionnaire,,259290,259315,0.3726,6742,Q6534
Paris,LOCATION,259705,259710,0.7837,681159,Q90
Paris,,259757,259762,0.5627,681159,Q90
mauvais oeil,,260958,260970,0.6146,963525,Q1020115
aristocratie,,261420,261432,0.3532,3864715,Q123432
classe ouvrière,,261455,261470,0.9384,36070,Q191159
allemande,,261681,261690,0.5225,1590005,Q183
Berlin,LOCATION,261728,261734,0.8349,7221,Q64
France,LOCATION,261812,261818,0.7527,1095,Q142
maquis,,262100,262106,0.4106,12676,Q701165
maquis,,262196,262202,0.4106,12676,Q701165
Flavin,BUSINESS,262261,262267,0,,
russe,,262305,262310,0.4353,2549,Q159
Caulle,PERSON,262370,262376,0,,
maquis,,262423,262429,0.4106,12676,Q701165
Chine,LOCATION,262734,262739,0.8245,10853,Q148
France,LOCATION,263691,263697,0.7527,1095,Q142
Sayet,BUSINESS,263773,263778,0,,
France,LOCATION,263825,263831,0.7527,1095,Q142
Pévrier,BUSINESS,263854,263861,0,,
Champs-Elysées,LOCATION,263946,263960,0.5988,31578,Q550
étatisme,,264449,264457,0.6456,28506,Q322294
étatisme,,264616,264624,0.6456,28506,Q322294
société sans classe,,264767,264786,0.9248,1411848,Q1571775
suf,,265176,265179,0.6038,3693616,Q3476402
pastiche,,265777,265785,0.6325,246912,Q1128018
Eérard,BUSINESS,265838,265844,0,,
mème,,266154,266158,0.4427,97081,Q978
allocations familiales,,266431,266453,0.935,842748,Q1455934
mème,,266642,266646,0.4427,97081,Q978
France,LOCATION,266653,266659,0.7527,1095,Q142
embourgeoisement,,267104,267120,0.5869,429602,Q119380
réformes de structure,,267137,267158,0.3658,2502636,Q3454788
Sérard,BUSINESS,267159,267165,0,,
capitaliste,,267512,267523,0.6015,8313,Q6206
capitaliste,,267677,267688,0.6015,8313,Q6206
lèpre,,268078,268083,0.7902,87849,Q36956
moralisme,,268972,268981,0.4894,7145,Q48324
libéralisme économique,,268999,269021,0.9919,450139,Q729119
Rossini,,269743,269750,0.6648,107250,Q9726
maquis,,269884,269890,0.4106,12676,Q701165
Lavier,BUSINESS,269976,269982,0.3622,1311340,Q1409019
Mavier,BUSINESS,270048,270054,0,,
songeons,,270099,270107,0.639,532557,Q548190
démocrates chrétiens,,270165,270185,0.9199,27264,Q209158
après guerre,,270979,270991,0.3672,531776,Q1201472
Paris,LOCATION,271348,271353,0.7837,681159,Q90
couleurs tricolores,,271583,271602,0.3593,23787,Q43192
Lachaud,BUSINESS,271906,271913,0,,
Préfecture de la Seine,,271994,272016,0.925,561264,Q3408923
agira,,272063,272068,0.4195,890078,Q56195
concordat,,272111,272120,0.4257,47610,Q213541
concordat,,272304,272313,0.4257,47610,Q213541
ion,,272464,272467,0.7074,7204,Q36496
Dd,BUSINESS,272997,272999,0,,
Dr L.,BUSINESS,273438,273443,0,,
mème,,273524,273528,0.4427,97081,Q978
histoire contemporaine,,273575,273597,0.8447,1191278,Q6495391
Allemagne,LOCATION,274110,274119,0.7793,1590005,Q183
mème,,274178,274182,0.4427,97081,Q978
patriotisme,,274326,274337,0.3546,20033,Q6241
France,LOCATION,274472,274478,0.7527,1095,Q142
Daladier,,274595,274603,0.5837,53355,Q213526
Mendel,PERSON,274713,274719,0,,
Cr,,274739,274741,0.5516,11717,Q725
Paris,LOCATION,275418,275423,0.7837,681159,Q90
SS0,BUSINESS,275640,275643,0,,
Caen,LOCATION,275670,275674,0.7759,700,Q41185
Allemand,,275749,275757,0.3777,1590005,Q183
diabétique,,276136,276146,0.4054,44596,Q12206
DISL,ORGANISATION,277442,277446,0,,
Delsol,BUSINESS,277773,277779,0,,
Delsol,BUSINESS,278042,278048,0,,
complexe d'infériorité,,278140,278162,0.9051,525363,Q319763
France,LOCATION,278514,278520,0.7527,1095,Q142
socialisme,,278544,278554,0.6243,7136,Q7272
parla,,279052,279057,0.6572,2812306,Q824651
Lyon,LOCATION,279061,279065,0.8018,802627,Q456
parti de la résistance,,279359,279381,0.52,245013,Q3366943
démocratie révolutionnaire,,279905,279931,0.8928,2248032,Q3043534
Allemand,,280227,280235,0.3777,1590005,Q183
tue,,280440,280443,0.5762,12426,Q11146
Français,,280547,280555,0.6535,1095,Q142
Allemand,,280576,280584,0.3777,1590005,Q183
réformes de structure,,280686,280707,0.3658,2502636,Q3454788
classe ouvrière,,280736,280751,0.9384,36070,Q191159
classe ouvrière,,280878,280893,0.9384,36070,Q191159
Sérard,BUSINESS,280995,281001,0,,
socialisme,,281060,281070,0.6243,7136,Q7272
classe ouvrière,,281339,281354,0.9384,36070,Q191159
prolétariat,,281439,281450,0.57,105244,Q132603
Paris,BUSINESS,281546,281551,0.7837,681159,Q90
Madelin,PERSON,282436,282443,0,,
libéralisme,,282904,282915,0.6354,14896,Q6216
Coc Martin,PERSON,283377,283387,0,,
allemande,,283739,283748,0.5225,1590005,Q183
panslave,,284050,284058,0.7483,371693,Q182267
Pierre,PERSON,284072,284078,0,,
Allemagne,LOCATION,284297,284306,0.7793,1590005,Q183
Assemblée Nationale,INSTITUTION,284555,284574,0.8797,118444,Q193582
allemande,,285385,285394,0.5225,1590005,Q183
Dumont,BUSINESS,285418,285424,0,,
Staline,LOCATION,285452,285459,0.8631,32476,Q855
minute de silence,,285502,285519,0.8824,59891,Q1068056
Domont,LOCATION,285605,285611,0.7845,213874,Q1166602
allemand,,285690,285698,0.4442,1590005,Q183
allemand,,285727,285735,0.4442,1590005,Q183
nazis,,285796,285801,0.6218,1530239,Q7310
espèce,,285971,285977,0.7688,1072,Q7432
principe de non-contradiction,,286039,286068,0.9902,16627,Q868437
Dumont Rdet-I,BUSINESS,286197,286212,0,,
Préfecture,LOCATION,286249,286259,0,,
Mobert Serra,BUSINESS,286551,286563,0,,
russe,,286750,286755,0.4353,2549,Q159
aprs,,286819,286823,0.7452,538441,Q787194
Eussie,LOCATION,286889,286895,0,,
révolution sociale,,286955,286973,0.8094,1214295,Q10931
Nerrière,BUSINESS,287093,287101,0,,
germano-russes,,288071,288085,0.9072,396876,Q312574
courent,,288154,288161,0.6887,9480613,Q3696212
Prusse,,288256,288262,0.6285,6818,Q38872
grande colère,,288857,288870,0.3732,5691856,Q2578587
espère,,288942,288948,0.5662,474089,Q1321617
russe,,289288,289293,0.4353,2549,Q159
Francey,LOCATION,289350,289357,0,,
Serlin,PERSON,289782,289788,0,,
allemand,,289823,289831,0.4442,1590005,Q183
hitlérisme,,289855,289865,0.6214,1530239,Q7310
à la folie,,289938,289948,0.5815,7404050,Q8076481
région,,289989,289995,0.6689,2605,Q36784
Allemagne,LOCATION,289998,290007,0.7793,1590005,Q183
nazis,,290117,290122,0.6218,1530239,Q7310
Poisson,LOCATION,290178,290185,0.7552,9507,Q152
Poisson,,290450,290457,0.6364,9507,Q152
Poisson,BUSINESS,290556,290563,0.7552,9507,Q152
laic,,290724,290728,0.3937,53343,Q726710
catholique,,290744,290754,0.6114,571,Q1841
vote des femmes,,291151,291166,0.5954,254034,Q205204
pape,,291253,291257,0.645,5070,Q19546
franquiste,,291344,291354,0.5585,4105467,Q13474305
laà,,291460,291463,0.7026,1137936,Q3220083
polonais,,291681,291689,0.482,2925423,Q1026
Pologne,LOCATION,291773,291780,0.8514,2396,Q36
grande colère,,291866,291879,0.3732,5691856,Q2578587
polonais,,292001,292009,0.482,2925423,Q1026
Allemagne,LOCATION,292158,292167,0.7793,1590005,Q183
Pologne,LOCATION,292242,292249,0.8514,2396,Q36
russe,,292319,292324,0.4353,2549,Q159
partage de la Pologne,,292333,292354,0.6138,415250,Q152006
Pologne,LOCATION,292432,292439,0.8514,2396,Q36
Russie,LOCATION,292456,292462,0.7421,2549,Q159
Pologne,LOCATION,292526,292533,0.8514,2396,Q36
Pologne,LOCATION,292622,292629,0.8514,2396,Q36
anglais,,293323,293330,0.503,5539,Q1860
France,LOCATION,293462,293468,0.7527,1095,Q142
tête de pont,,293469,293481,0.4053,979352,Q996524
anglais,,293563,293570,0.503,5539,Q1860
américaine,,293626,293636,0.6739,1377936,Q30
mèmes,,293649,293654,0.534,1712666,Q2927074
Paris,LOCATION,294210,294215,0.7837,681159,Q90
culotte de peau,,294216,294231,0.5414,852321,Q261061
franchise,,294383,294392,0.5692,1015497,Q1441324
ur,,294619,294621,0.3701,2204503,Q3552108
Préfecture,LOCATION,294671,294681,0,,
Cr,,294841,294843,0.5516,11717,Q725
Crouzet,BUSINESS,294994,295001,0,,
présidence du Conseil,,295102,295123,0.5314,5716420,Q3409212
fascistes,,295268,295277,0.513,1135,Q6223
juif,,295396,295400,0.5462,2350680,Q7325
Crouet,BUSINESS,295414,295420,0,,
Syndicat,ORGANISATION,295704,295712,0,,
patriotisme républicain,,295733,295756,0.5272,329696,Q877848
magistrat,,295763,295772,0.5616,64128,Q4594605
ss,,295897,295899,0.6078,24131,Q44687
Comac,BUSINESS,295913,295918,0.6151,3918198,Q1115363
Comac,ORGANISATION,296073,296078,0.6151,3918198,Q1115363
France,LOCATION,296118,296124,0.7527,1095,Q142
zone sud,,297098,297106,0.5915,58392,Q3575913
Delsol,BUSINESS,297355,297361,0,,
tiers parti,,297427,297438,0.3673,2845927,Q3528251
huila,,297462,297467,0.6463,1547666,Q234920
Cnt,,297784,297787,0.4516,45204,Q550420
Staline,LOCATION,297976,297983,0.8631,32476,Q855
Robert,PERSON,297989,297995,0,,
Mitler,BUSINESS,298110,298116,0,,
allemande,,298272,298281,0.5225,1590005,Q183
nazi,,298389,298393,0.6313,1530239,Q7310
Robert,BUSINESS,298581,298587,0,,
parti de la résistance,,298638,298660,0.52,245013,Q3366943
D.I. P0s,PERSON,298804,298812,0,,
espèce,,298843,298849,0.7688,1072,Q7432
cpas,,298958,298962,0.5709,234601,Q2679662
Paris,LOCATION,299516,299521,0.7837,681159,Q90
Pétain,LOCATION,299719,299725,0.7462,2516,Q5721
veules,,299822,299828,0.5529,49757,Q3333964
Maréchal de France,,299865,299883,0.9946,23364,Q474485
France,LOCATION,299982,299988,0.7527,1095,Q142
Paris,BUSINESS,300285,300290,0.7837,681159,Q90
rat,,300665,300668,0.5599,632173,Q26018
dactylographie,,300825,300839,0.6918,442578,Q184620
Comac,,300971,300976,0.5139,3918198,Q1115363
Vu Poisson,BUSINESS,301302,301312,0,,
Eip,BUSINESS,301349,301352,0,,
Rier,,301744,301748,0.4178,5722499,Q1415376
Pévrier,LOCATION,301812,301819,0,,
Saudry,PERSON,301881,301887,0,,
F.L.,PERSON,302016,302020,0,,
conseillers municipaux,,302499,302521,0.6215,3634863,Q2647159
Alger,,302995,303000,0.7311,107,Q3561
russe,,303533,303538,0.4353,2549,Q159
Varsovie,LOCATION,303543,303551,0.8778,3161,Q270
Paris,LOCATION,303835,303840,0.7837,681159,Q90
Allemagne,LOCATION,303914,303923,0.7793,1590005,Q183
allemande,,303981,303990,0.5225,1590005,Q183
augure,,304000,304006,0.5473,191984,Q215909
Paul Raynaud,PERSON,304032,304044,0,,
Peè,BUSINESS,304233,304236,0,,
S.F.I,BUSINESS,304622,304627,0,,
Salard,PERSON,304934,304940,0,,
anciens combattants,,305004,305023,0.5838,2306484,Q193891
front russe,,305237,305248,0.8698,597713,Q23908696
Varsovie,LOCATION,305339,305347,0.8778,3161,Q270
France,LOCATION,305385,305391,0.7527,1095,Q142
américaine,,305466,305476,0.6739,1377936,Q30
Saint asaire,BUSINESS,305562,305574,0,,
Paris,LOCATION,305588,305593,0.7837,681159,Q90
germano-russes,,305650,305664,0.9072,396876,Q312574
AD-Lrène,BUSINESS,306067,306077,0,,
droit commun,,306137,306149,0.3565,1600679,Q697141
travaux forcés,,306249,306263,0.8657,2603533,Q1373376
Anglais,,306456,306463,0.4857,5539,Q1860
C.N.I,,306833,306838,0.5289,181930,Q761433
entriste,,307008,307016,0.837,45840,Q1755592
parti de la résistance,,307118,307140,0.52,245013,Q3366943
irai,,307299,307303,0.6911,492656,Q384304
Sip,BUSINESS,307534,307537,0,,
automatistes,,307761,307773,0.7524,2014608,Q2872628
socialisme,,308305,308315,0.6243,7136,Q7272
Avranches,,308788,308797,0.6785,17413,Q204430
américain,,308824,308833,0.6921,1377936,Q30
Miérarchie,LOCATION,309005,309015,0,,
Paris,LOCATION,309456,309461,0.7837,681159,Q90
délégation spéciale,,309495,309514,0.9295,2490385,Q3043435
Epinard,,309841,309848,0.3914,66120,Q81464
complexe d'infériorité,,310059,310081,0.9051,525363,Q319763
Rennes,LOCATION,310535,310541,0.8129,3973375,Q647
pays de France,,310804,310818,0.9465,361899,Q3373455
laire,,310916,310921,0.4663,220461,Q667814
Paris,LOCATION,310971,310976,0.7837,681159,Q90
juifs,,311200,311205,0.6281,2350680,Q7325
anarchiste,,311296,311306,0.6757,178,Q6199
Municipalité,,312505,312517,0.362,86177,Q15284
Paris,,312521,312526,0.5627,681159,Q90
milice,,312830,312836,0.4922,58395,Q153936
Londres,,312999,313006,0.7467,4924,Q84
Paris,LOCATION,313270,313275,0.7837,681159,Q90
Charles,PERSON,313287,313294,0,,
Crléans et Paris,ORGANISATION,313397,313413,0,,
Melun,LOCATION,313441,313446,0.764,11698,Q41139
Paris,,313461,313466,0.5627,681159,Q90
Pain,BUSINESS,313492,313496,0,,
Paris,LOCATION,313561,313566,0.7837,681159,Q90
Paris,LOCATION,313777,313782,0.7837,681159,Q90
gons,,313804,313808,0.7746,695604,Q208528
Paris,LOCATION,313862,313867,0.7837,681159,Q90
Vallat,BUSINESS,314103,314109,0.3547,4914517,Q1767475
ligne bleue des Vosges,,314298,314320,0.9832,3517400,Q3239260
Février,BUSINESS,314338,314345,0,,
Pierlot,PERSON,314431,314438,0,,
catholiques libéraux,,314524,314544,0.8937,52762,Q7882537
espèce,,314811,314817,0.7688,1072,Q7432
agrégation,,315142,315152,0.4063,36434,Q397610
séminaire,,315187,315196,0.4784,233909,Q14911880
Anglais,,315371,315378,0.4857,5539,Q1860
Anglais,,315404,315411,0.4857,5539,Q1860
dominicain,,315471,315481,0.6396,53127,Q131479
complexe d'infériorité,,315593,315615,0.9051,525363,Q319763
Serra,ORGANISATION,315748,315753,0,,
Paris,LOCATION,315758,315763,0.7837,681159,Q90
Paris,LOCATION,315927,315932,0.7837,681159,Q90
délégation spéciale,,316005,316024,0.9295,2490385,Q3043435
vus,,316089,316092,0.6734,141745,Q192152
Sdouard,BUSINESS,316105,316112,0,,
parti républicain,,316487,316504,0.9317,19747,Q29468
SFIo,LOCATION,316620,316624,0.7876,34760,Q1332068
Crégoire,BUSINESS,317367,317375,0,,
communisme,,317615,317625,0.6194,5349064,Q6186
esprit critique,,317741,317756,0.6187,690865,Q17955
serein,,317837,317843,0.566,638659,Q594824
hea,,318063,318066,0.3516,25381,Q33547
scolastique,,318195,318206,0.7906,70310,Q41679
CL,ORGANISATION,318236,318238,0,,
conseil municipal,,318253,318270,0.9276,3634863,Q2647159
champ libre,,318889,318900,0.9349,1038224,Q2838429
Mhenri Martin,PERSON,319027,319040,0,,
Paris,,319823,319828,0.5627,681159,Q90
délégation spéciale,,320450,320469,0.9295,2490385,Q3043435
calvaire,,320671,320679,0.5324,2919027,Q371752
Allemagns,LOCATION,320702,320711,0,,
agon,,320734,320738,0.4553,2977766,Q395257
Mamers,LOCATION,321319,321325,0.8148,188986,Q645085
Delsol,BUSINESS,321435,321441,0,,
Caen,LOCATION,321500,321504,0.7777,700,Q41185
Anglais,,321516,321523,0.4857,5539,Q1860
Palton,LOCATION,321550,321556,0,,
IaF,ORGANISATION,322106,322109,0.5642,922582,Q462211
Paris,LOCATION,322299,322304,0.7837,681159,Q90
Joly Secrétaire,PERSON,322881,322896,0,,
Paris,LOCATION,323551,323556,0.7837,681159,Q90
scrutin de liste,,323611,323627,0.5552,112091,Q13365595
Albert,PERSON,323931,323937,0,,
genre,,324715,324720,0.552,29592,Q34740
Delsol,BUSINESS,324764,324770,0,,
inflation,,324837,324846,0.6565,15763,Q35865
déflation,,324853,324862,0.6628,7195,Q161081
Paris,LOCATION,325007,325012,0.7837,681159,Q90
allemande,,325035,325044,0.5225,1590005,Q183
Paris,LOCATION,325074,325079,0.7837,681159,Q90
Anglais,,325176,325183,0.4857,5539,Q1860
Allemand,,325532,325540,0.3777,1590005,Q183
bénin,,326347,326352,0.6681,405,Q962
croix de lorraine,,326485,326502,0.5494,40037,Q166208
vienne,,327164,327170,0.4994,15839,Q1741
dominicain,,327246,327256,0.6396,53127,Q131479
Seine,,327430,327435,0.4247,2763,Q1471
fascistes,,327681,327690,0.513,1135,Q6223
Chartres,LOCATION,327850,327858,0.7829,9975,Q130272
IsF,LOCATION,327882,327885,0.5632,76327,Q3149543
Milice,LOCATION,327948,327954,0.3867,83321,Q579564
Laval,,328076,328081,0.4209,10423,Q184154
Pétain,,328114,328120,0.6218,2516,Q5721
ichy,,328157,328161,0.7657,188287,Q1611599
Paris,,328757,328762,0.5627,681159,Q90
Lachaux,BUSINESS,329068,329075,0.7064,101898,Q1218291
Ministère des Anciens Combattants,,329151,329184,0.8752,641640,Q75706
anciens combattants,,329298,329317,0.5838,2306484,Q193891
Déportés,BUSINESS,329394,329402,0,,
Lachaux,BUSINESS,329514,329521,0.7064,101898,Q1218291
Seine,,329554,329559,0.4247,2763,Q1471
Pards,BUSINESS,329678,329683,0,,
Seine,,329706,329711,0.4247,2763,Q1471
Lachaux,,329732,329739,0.5833,101898,Q1218291
Lachaux,,330064,330071,0.5833,101898,Q1218291
Paris,,330469,330474,0.5627,681159,Q90
brusque,,330634,330641,0.4558,1184680,Q329488
Paris,,330960,330965,0.5627,681159,Q90
souris grises,,331093,331106,0.9256,109388,Q83310
calot,,331187,331192,0.5698,4479449,Q645919
français,,331233,331241,0.647,1095,Q142
Chartres,LOCATION,331288,331296,0.7829,9975,Q130272
vus,,331312,331315,0.6734,141745,Q192152
Ajax,PERSON,331626,331630,0,,
eems,,331983,331987,0.6868,247598,Q1648
Revel,,332047,332052,0.4074,414807,Q496066
espère,,332374,332380,0.5662,474089,Q1321617
trompes,,332534,332541,0.4298,390786,Q1431515
Paris,LOCATION,332729,332734,0.7837,681159,Q90
Delsol,BUSINESS,332826,332832,0,,
Alençon,LOCATION,332939,332946,0.7897,10866,Q181269
Chartres,LOCATION,332951,332959,0.7829,9975,Q130272
gia,,333237,333240,0.5901,291144,Q1125408
Argentan,BUSINESS,333352,333360,0.8602,93653,Q207622
allemande,,333385,333394,0.5225,1590005,Q183
Mortain,BUSINESS,333398,333405,0.8079,18327,Q325187
juif,,333769,333773,0.5462,2350680,Q7325
Sstigoin,BUSINESS,333929,333937,0,,
pédéraste,,333965,333974,0.7232,22908,Q211354
Stias,BUSINESS,334027,334032,0,,
Revel,,334066,334071,0.4074,414807,Q496066
Laval,,334252,334257,0.4209,10423,Q184154
Laval,,334338,334343,0.4209,10423,Q184154
avocat,,334762,334768,0.6304,57147,Q40348
Argenteuil,LOCATION,334830,334840,0.6236,147510,Q181946
briquet,,334856,334863,0.5954,94927,Q20459
Crois de Lorraine,BUSINESS,335537,335554,0,,
mandat impératif,,335615,335631,0.9945,118432,Q645728
Croix de Lorraine,,335788,335805,0.9599,40037,Q166208
faucille,,335848,335856,0.6188,218957,Q42233
Conseil Municipal,,336103,336120,0.9276,3634863,Q2647159
rende,,336183,336188,0.6464,583084,Q53946
conseil municipal,,336311,336328,0.9276,3634863,Q2647159
CEn,,336361,336364,0.4208,77989,Q648403
électricité,,336513,336524,0.5301,3432,Q12725
Paris,LOCATION,336635,336640,0.7837,681159,Q90
Police,LOCATION,336691,336697,0,,
chute de Paris,,336786,336800,0.4612,815236,Q690489
Algèbre,,336825,336832,0.5432,7143,Q3968
artilleur,,336963,336972,0.5818,57485,Q64418
Rater,BUSINESS,337034,337039,0,,
Robert,LOCATION,337062,337068,0,,
Delsol,BUSINESS,337204,337210,0,,
Laval,BUSINESS,337625,337630,0.496,10423,Q184154
Paris,LOCATION,337757,337762,0.7837,681159,Q90
américain,,337776,337785,0.6921,1377936,Q30
Pierlot,BUSINESS,337849,337856,0,,
Lachaux,LOCATION,337860,337867,0.7064,101898,Q1218291
France,LOCATION,337974,337980,0.7527,1095,Q142
ci-devant,,338252,338261,0.6433,143024,Q2883653
Février,PERSON,338350,338357,0,,
Paris,LOCATION,338481,338486,0.7837,681159,Q90
Paris,LOCATION,338566,338571,0.7837,681159,Q90
vienne,,338638,338644,0.4994,15839,Q1741
Orléans,LOCATION,338759,338766,0.7504,7989,Q6548
